InputStoryid,AnswerRightEnding
5473848a-8394-4a9c-8e49-50e210524583,0
dea6b57d-c8d3-4e15-8f0f-70c8e8d1fae0,0
5137ead5-533d-4ab4-80e2-a06a0f3ae12c,1
4b34b5c1-d3f7-4936-a02d-bbbc91583b09,1
9d2206e5-131f-4c89-abdf-0cd8d33dd5d1,0
6ecd3cef-1e0e-4e9d-af4a-35d36a06fcd8,0
834cb475-d7b1-4279-a9a8-73a7c8491cb5,0
e557f890-fa67-4360-be99-789ad005bc63,0
cc8333a5-aafd-4910-ba5e-c05cf0a22995,0
6ca7382d-3ee9-4f4e-a0fb-52aecb97c4fa,1
19c6a891-2f87-4436-8fb1-cf073b36b468,1
89bdaa40-f05d-4feb-8194-3a3338f9e8b0,0
a1fa65d9-1975-4adb-bb55-18d218e44f94,0
5054a417-7855-471e-be73-59a3d6ce0a48,0
66125eda-401b-4111-9850-0b6181901a8a,1
ff60acb0-27db-4aba-ab56-19d6ef2c88ef,1
ee0b37b5-b159-46ec-956e-6d15718ba662,1
5bb4d45d-5968-4eb7-9faf-04ca9cae7b46,1
6a8c1698-ff4f-4938-b28c-40c4124a982b,0
2acc9400-506b-4a46-a6f5-d68e44c1a8b8,1
9cf97239-b229-416f-90a3-17f4f82cff22,0
0e3721b0-a404-4a3f-81e4-60ccc98ff06e,1
75195474-1feb-4591-b12d-4a4847dc0f7c,1
93dc100f-4e87-476a-b198-d02841d0cc9d,1
ccc346ba-b8af-4f38-ab57-a791c507be01,1
d044b87e-2fd3-4e87-8b68-dc9290f25ad0,1
87900e84-f380-4430-9584-c651deabd4d1,0
970cb203-935a-4582-a7e9-eef0ec1c08f6,1
fecd7d2b-52bd-4c8c-a57b-3d66804e1955,0
cff3a60e-5314-45c0-ba94-d30d9698d54a,0
a8e8194a-0871-418d-96fa-4f6d4be5780b,0
7f0ac149-e7be-41c9-9f37-59981af026a2,0
67a576b9-84b7-49ee-90a6-f2a41d24e73a,0
bf69c5ad-c36f-4423-aa22-05a66e3c8370,1
5a276709-317c-484e-b7f6-548d3348a095,0
2353d327-75db-4635-9b1e-4a06db1fac31,1
4e263462-25a2-44a6-befa-6ce5deda151b,1
b0f836c8-9d20-4d96-9099-c6379ebd6a22,0
65065724-bdca-4a16-92fa-c232288f5467,0
f4a9fc01-eda4-420e-aea3-2b277def93b7,0
d063a064-3edd-45a9-ac26-41642f64a34f,0
347959ca-18d7-4f6b-8b49-b0584b175815,1
0b364cb2-d162-44c7-8250-927e74485d61,0
0ba0cd60-9f73-419c-b34a-4146c4ab90aa,1
21005f5f-00c3-430d-ae5d-e12b482f8a69,0
ba66617f-ec44-4830-8ec2-0279b9c8c2d3,0
d711f0cc-df96-4b23-b1ff-04ba19b458fd,1
cedde134-8ad8-4be6-9849-a5947496dffb,1
1d922288-24ca-46a7-b1ad-3c7cdd833fbd,1
a4bba1c2-d447-432f-9476-c17e64872a3e,0
32f9dc6d-d412-42b2-b0da-adf65eaaaf53,1
0be2047c-6d65-4e1a-a39d-387ecd7f2c68,0
691e2a78-7bcd-4106-825f-73c7cfc88379,0
64211a1d-e41c-4490-8947-d66e84ff224d,1
4ec3fbb0-246a-4fc1-ba3b-3d3ff167729d,0
dd45a2f1-1795-45e6-9862-96d5483eb735,0
b23dd0a6-67f0-4650-80db-b2a878fd30b2,1
7176e601-444c-4797-b98d-b1e57262f993,0
48545d17-b923-4d62-a4bd-e3dc9991c862,0
b2fd3fda-4135-461b-9e7f-2b21fc585b7b,0
fabd9614-95da-4765-8ecd-aff0506789c8,1
28fd5647-38dd-4c04-bdbc-e4faf7273d57,1
897d3118-0444-4afe-9b64-0782c7ef5321,0
a3eeafa3-54de-4476-b05f-1ee24981c611,0
37ca272a-46fb-4355-bec5-ba0cdce72327,0
bb0ddf32-b6ac-4479-a111-750ba9aace4e,0
2a3ee129-b1cb-443b-b3ae-0fedefe88fc0,1
95714029-8f6a-4020-99f1-4ce51a76ef2e,0
81c70ec5-3b7b-4f92-a515-656d2d5243a9,0
27a90833-31cd-4210-9a15-702e6dbece88,0
112c67fd-98a9-4af4-85b8-0a99b26f8e3e,0
ff1f2f6b-9782-4a6b-b227-48be4aaf81bd,1
f95e80bf-4a55-44f1-81b3-4c4e3c810b52,1
f47b0ca8-9c20-4f15-8605-112997f54e2c,0
cffb9bf9-811f-4214-9169-fac98aa03143,1
4157acdf-bda1-4539-9394-3475d9deda6f,0
ed0e4e2f-5e90-41a8-8bcd-857ba8cbdbf0,0
76eaa79a-50dd-4e40-90d6-26c0034c05b3,0
0d20260a-de6c-43fa-9d75-a69ffc9f4cd9,1
44148703-8307-42dd-bbcb-6db8500ba8be,0
8030096c-f012-4248-9cbd-c49869484b77,1
a1f63ae2-9cd6-43c8-962d-74ae40c0b81e,1
c048a713-2532-4ce1-a37a-15726523d561,0
17c13965-c007-4c1c-953b-3a0003254b91,0
2a96d3b8-5537-43c0-8bfb-3131beaae8ae,1
aed39da0-9a44-4c76-a795-2f7887e9d1df,0
fb6f0c8a-63bc-4a85-9a50-6784053b7fba,1
12bb8664-e8f8-4318-b01b-0de828213568,1
8cbe32f5-de9b-42f5-9ef7-5d74f74e8cc7,1
daa41059-df2b-4971-91c3-97876ca991b0,1
2565e3f6-7956-4b99-8ade-d7e69ee2f300,1
aa7e8077-9c15-4063-8587-0d6905ba0600,1
c527d2a7-b29c-49e0-89fc-d19bd8bd879c,0
ff18eb22-47c7-4f98-b70f-38c537941007,1
4fb168c5-43e6-4029-a1dd-cd70fb379344,1
5f7046a2-eefc-46f7-9871-7d6abde6ec52,0
ecd9a71b-0a78-4898-80af-f2798d581548,1
bea45f29-6799-42b6-9f3b-37780ad5de5c,0
0eee53d8-b863-45cd-896d-371e882bee82,0
2d512ed6-c4a7-4b28-acb2-24e71138542a,1
f2b43281-2605-4f52-891e-2e1167d3d343,1
0a3039e2-8658-4ea2-833f-7367704fea22,0
5ad1301c-f2c0-4832-8883-7af1bb0c91a2,1
3a39823f-d93b-48a5-b15b-c6e7d82c2d35,1
2dcc43a7-f7f1-4226-b9a6-eb51df89a88f,1
760427be-2637-4ab5-a970-6815390718c8,1
eca9292e-7080-482c-ba32-717e952b4fbb,0
e07ba8f5-953e-4d3b-83c3-0e47ec48027e,1
9239e89c-67eb-42d8-9a22-317766d9bf46,0
864cf5cb-238d-414e-80b6-bf4681de074a,0
918d0b91-537d-4c4a-8d68-c9145f82757c,1
28394829-432d-489f-8fa8-20d5203eddf9,1
dd6b1f74-4a0e-43a6-ba90-a49974f24763,0
31b05618-b3e6-4b94-a246-66bcdf64dd2e,1
0a1c11da-7db7-4f9a-90ef-3f391f59618b,0
30ba239c-9009-4c99-9084-880f802fc610,1
54e133e4-afd0-4db9-ac4e-f2952290c694,0
a115cfb2-220c-428f-947f-f18befb35206,0
e1e12bfb-a176-4010-a1af-38f76ceb546d,0
789865bd-c982-408d-8c69-514006f64cba,1
a5d86ebc-15de-4e8f-840d-ea95434589ca,0
b187c152-29b8-4679-91fe-b8e14883cbf3,1
777442a7-4970-467b-a864-9906f8914251,0
c5707f31-c21c-4184-b7a6-eec2befec59d,0
cc2e6776-5a48-4b02-8a57-783a66fe43ae,1
72c78346-c564-4f9f-bb7f-258091f5c5c0,0
bf918ce3-4397-44e0-a423-6762771e5408,1
90ca5c4d-5a7f-49d1-b6c6-f358f643daab,1
6f74ffc0-ff49-4d13-97a9-d681c11e7167,0
c5707e24-8215-43d6-b3ca-6a525c020fcb,1
cc3f7825-a55e-466c-b1e3-3ab9e33a419c,1
2aafe872-9832-4fda-bb74-5275dbb691b4,1
ba6c4cf7-57cd-4b68-97ea-0f83ccb2ee43,0
2bcb0262-2328-4316-8a77-7d7239d9aa3b,1
4e31e9d4-ba9c-4e4c-803c-9d7005cbeb55,0
d06e2f64-bb80-4ec8-aa07-2d1260b5bb20,1
120dc639-b0df-41d4-a85b-a473bbeaa8da,1
642310cd-49ad-4623-8fc2-7e515e10e4c9,0
c63f608a-ceec-491d-a27b-fd0e4eaa4a59,1
0b38f40e-b4c6-4d98-9c8a-d62054158f9a,0
3265f92f-d233-4f04-a8ba-7f727c271cae,0
c052d872-116f-4780-a4b1-b5d805f54320,0
4fe0ebe0-e4eb-4868-b24c-4a6acc847cc7,1
cf1e9ddd-cf64-4c37-b502-423028d51090,0
13157016-1000-40e1-ab8a-e7a07882b897,0
70e5cf6b-d651-488a-a09d-b3dbd53c72bb,1
e262e6db-8f51-442f-bd06-0c4bc34e40b9,0
11150a2a-2fcc-4333-ac52-f9eb3a7a98c2,0
89b63c26-8ead-4108-91a6-ea5ead49908b,0
706016f8-df80-4648-ba8e-bdb6c0501181,0
e3c2a2d7-ec56-4a28-b3c1-f92b920f4503,0
a1f6dd0d-0f88-488d-a8f7-d91c553ad70b,0
757a884f-65aa-4f49-bae1-0eacfdcdec5b,0
2ff8afb7-f956-4716-9a3a-46bb1fae56a2,0
0b05a31b-924d-4f7c-aa26-44ce34a40996,1
ae2cb531-e213-4817-8f87-230a2bf409ed,0
0be841d4-d32c-4b98-8104-37b2c2bbd3b8,0
2d714ff9-8510-42a2-b418-9c0909f01f82,1
e62d9542-1657-4cd4-a59b-42ea86bc4570,0
77a4b605-1aa6-4187-9b07-883ed4b18f19,0
f99656ff-907d-47b8-bc3e-5e0af81cb91a,1
3f594989-13df-4030-9a56-4ddd2e744c44,1
c3c6baab-bac4-47c9-b47a-1faf194e9a0c,1
dbaa3535-5488-44bc-a4f5-ab1b712c1d9f,1
c92c7046-580b-4e44-a415-2acc9a3f9ee5,1
fc84ed91-9da2-4cd2-b0ae-fda4a71e546b,0
1f2e1171-7d29-4eb3-967c-6ed7db3770e8,1
c605c9a4-7d0e-40b0-a5c4-f804c5930530,1
92557c67-408a-4a2d-9e34-67923a1e234f,0
47f5747f-57f0-49a8-9df1-c0f1c8fd2c66,1
206ff298-3771-40a2-89a4-7fa33a288b3a,1
0f2874e4-5462-4c75-b188-89bf790f7510,0
d49cd112-c48a-4c12-9e7a-0fb76886e075,0
e150e9b0-f627-4123-b0e2-8e7a3aeb5488,0
7eb8b603-18d6-443e-a3f2-5940e940565b,0
e3ee13ff-b1f9-4548-9d04-28c0ccaf960f,0
2a7c2718-e0f0-4944-88b1-1c0cc3491893,0
5d87a100-470b-4fdb-86ab-7827da957b13,1
e2524ff9-3c8d-43c3-975c-cbe93354db4b,0
af739e90-f084-4144-b948-78fe02f0a0be,0
b2295a08-31bb-42ac-805f-22613a74cbd3,1
ccc9a331-c568-4256-98c5-3c764ca23dc7,0
60eb10df-6d30-4113-8a66-f717a7ae87d6,1
1531989d-01bc-435c-9ddb-fbbb96716f04,1
2f025ecf-bafa-4b83-9386-4bd69ea507cf,1
33bb87a2-bb31-48df-bb51-a7d9fe4cf2b7,1
c52bda59-8449-4fd1-9f3f-5c86f0871d9e,0
d6b5c400-7cab-4ffe-8d5d-c39e9f6d795f,1
a74dc097-6a40-47fc-90e3-0ca9ef78648d,0
07fe0608-8598-4043-96a0-ee21c46e2f63,0
8a7c3609-36d3-44c7-a9ef-c8ca5bf36fa8,0
df733d59-f8dd-43a1-aed7-8065f52cdabe,0
23505f27-0cfc-4c84-a3a4-96d3544585ad,0
5c9f7e45-3b1b-4f95-84f1-ca3f17c98711,1
cb173ff9-3925-4f85-aa6d-9aa0aa9ed55e,0
efbf5db0-60c6-4d5f-b027-1b9490617973,0
f338c55a-4850-40f5-a5e1-62db7584fa15,0
25d17987-52ec-4d41-917f-a46072aa6e88,1
362039ae-3b85-4641-9f0b-eec4d6b5cfde,0
30f89e17-9d99-49c0-aeeb-f768a2f15417,0
75a98043-9031-4134-863a-fd0bc2e938d2,0
09405db6-e0b7-4a20-8f61-87f96529c997,1
ba049795-72e1-4c51-9722-e786b11f35ff,1
9925e45c-0cd3-4c77-a9ef-5544d1311352,1
aa535192-e884-4d34-8939-691f0896af55,0
c8f800ea-5c85-4306-bddd-8cc4c0340b6a,1
8a7f59fa-b070-4a25-bd7e-409c3118f1bb,1
ae0d9b06-06d2-4f4c-b275-a80cb5527120,0
c5a41d4d-2208-4867-a6a5-97f98a8c7461,0
5a5f620e-c112-49a3-8d59-a3251a5e4ba5,0
2fdf4175-9895-4e87-8c7f-e57703aab98f,0
73a0b993-0195-4442-86b9-2f7e11afbdb8,0
9275733f-88ac-4aaf-8650-94fdd25aa6fc,1
5db697f5-9445-407c-b3a9-270fe9ada7a9,1
4f77e27c-23c1-4f86-944b-794adb5c207b,1
eb0ad3cd-09f3-45a1-b6b8-5b71e731bc85,0
cd75e95a-e2dd-4960-8e17-7528029bcca1,1
014f5947-08c4-4e3f-b816-aeba05cf4d87,1
8d8dc610-b829-41d9-b281-831274e36e5d,0
dcb9dc3e-995a-4dfb-812e-0b0a379ec532,1
dd55c682-71b6-4a3e-86e1-457746fc0d5c,1
1c88c66c-ec5e-4ba0-ab7c-e673cad6a838,1
bfa31dec-a94d-4057-a779-83e2386e9ea4,0
08ebaa51-0064-4e59-8919-aa2437f0892b,0
b2729b04-b978-4f2c-9bb9-e8c871a9d2ef,0
e52c16e0-9c5c-46de-8ac5-f8ae1efc3276,1
a23add77-dbfb-4f0a-a0b5-544fc437c1a1,0
8862f7c6-1be8-43c3-8c64-5eab3a88d4dc,1
2ba66586-5104-44a3-90dc-9a6cda2ea23c,0
3f00c9a6-310f-4f02-9495-11b5ba84027e,0
10980a59-c6d3-417d-bcf7-6fb40b8019e5,0
06ff85ee-a5d1-4d15-a3a1-e90fe9b6556e,0
a44f4349-c70f-4cf7-a26c-7270ddd12a8b,1
7aff7fed-7016-4347-9294-c0343484e341,0
88803ed6-1cf4-4581-8975-1b0c523072c6,1
8492f48e-def9-4202-9e1a-12ed6b2d5f8e,1
cdbf94ef-a609-43af-a218-7f9b7ef940c2,0
ca8df868-7946-4d43-8cca-f22c476ba7e3,0
da7bd11f-477e-46ce-ab31-2227ac03de13,1
bfa1fa46-6c29-42bd-9a13-35e72632f0e5,0
cd1638bc-3aac-41d4-95ba-e39aea3150da,0
86a0db93-f940-45ca-8ac4-70865c115726,1
fd501f6a-2549-4258-b8a0-3ebc94faa817,0
27a3374e-3a0c-470c-b24f-c18edacbe306,1
4a892f53-6523-49b9-a991-dcd082561539,1
a64a2405-ffc6-4299-bdb0-0b1dcec2b8af,1
45526856-a536-4257-aca4-5710c5a55896,0
cc5758c5-88c4-4b13-af5a-4098de572698,1
d727dcf2-af7f-4f7a-a530-0eaa9dde2eb5,1
683f8501-7fee-45b3-b8b0-d1fbf5632f9b,0
abe8226e-bf67-410c-90ae-6c26f55a4d5a,1
1122e042-61b3-416f-a927-d207d9892941,0
a5b416f4-848f-40fa-97e5-bd645bdb7d21,1
beace3a5-5b70-489f-a4df-455c321b7c27,1
99fa2565-bf06-4277-bffc-036045e2f67e,0
9ec714c0-e53a-44cc-9885-157b44df7f70,0
11b36625-d612-4e56-a616-f94850f65f1a,1
f268d6a4-aeb9-4c60-92b1-07180bed34c2,0
1e835243-2fc2-4728-8cfa-3597739dace4,1
e9afc504-b636-4064-92ac-31d132168714,1
e095c748-f6ca-4a80-9f5f-c9c16f3415e7,1
2d495cf3-b5c3-404f-8dce-d987dedab75a,0
220e7c57-1c6b-456d-ad1e-b66132dd06ba,0
2be4acb4-82b7-4867-89a5-02efc8dd4a0a,0
4cbd7687-c75e-4e01-b7db-cd66436d0ee7,1
51cab57f-6778-443f-96e2-e9a2c21fe1da,0
7f1d0aaa-5d08-4dc5-9806-4f36f2aa1fa4,1
9f390999-bbc3-4bcd-87d6-2976fd5d6e33,1
d8555199-877c-4c62-9f68-1e12cafaf91a,0
5f57d81d-1391-4a49-8a72-9c242b526f0a,1
8f93840f-4bff-4863-be77-a61f9992da57,0
b061b81f-e4fa-41c6-b345-ee4b5772f647,0
7e6744b8-81ea-43f1-a75f-594095cd21f9,0
efd57da3-46cb-4a3c-8dbf-6b1a97ac647c,0
74ed0f8b-cec6-4d13-9028-ef9eeb825b02,0
008f74d0-ee86-4f92-840d-23ff00f252a7,1
5895fec6-0fbd-4b9d-b8c2-8125bdc614ac,0
79a9f134-fa6e-482e-9979-dff7dd372255,0
3a8d239a-5ac4-4994-bf78-357e3965a13a,0
8c0f5d1a-dfc7-4a3c-acdb-585ddc5ffd07,0
d59578b7-f3b9-421c-b0f9-6a8ed7ced6c4,1
b79e84f0-a8c5-44b0-affb-f93dcb352291,0
16c16667-c200-4db1-9705-677b0632cda8,0
d914ff43-ad26-4c6f-a883-73cf8d5e1702,0
dd994d7d-5c06-43ae-98c6-c838e3928243,1
fbff200f-54dd-414b-aab7-6db8d66c5d6f,0
d8b04238-e910-4a56-a628-d3d9cb85b356,1
27465f51-16ac-49f5-9255-b9468f5f6c50,0
751c7042-7380-41f0-8bb3-9e7b435baa3b,0
f9062f5d-1490-4508-92ed-70fa56d1bbbb,1
990c2111-dc64-4cf9-87b3-35744e11c39d,1
87bc7233-1075-415c-99c3-129407856180,0
ce61b3c4-7f45-4126-b2d8-6eb628fc70cf,1
8c9afa2e-d76a-4a11-b595-d71ea76e4fee,1
45521a5d-21a6-4d3d-9401-2a0ebb536f32,0
bf4fa52b-bfe3-40aa-a1f2-07b2882c58c4,1
78e23b09-64c9-4c1d-80d6-a21a2dbd5ef8,1
d455a788-dab3-40b4-8c8e-76ce8e3c27a5,0
7d0a4fd1-35e4-47cd-b45e-8e04fbb851fa,1
70a3d58a-68eb-426b-b3da-f490200660ad,0
167f7a3e-f8c9-4fee-bc72-e3210c60c0ca,0
44dcbd94-fda7-4f6b-b94a-7fe858e8b433,0
f8cd2f9e-5ff1-423b-a82c-2402af3d4b60,0
ad162160-6c0b-477f-8158-6de543e886f0,1
e1034ba6-2d02-45fe-bd0e-9e042a05af88,1
3489131e-b925-468e-b0cf-d00b7bf7d315,0
e58b5119-dde5-4807-b44a-85f155370816,0
6c52297f-dc2f-492b-a16b-e3a161f06b92,0
d1a2ef6b-f808-41ae-9d4e-be170f9b8e37,0
b465c8cd-7809-4e19-aa68-fee00e922d53,1
72adb219-2737-4cb7-b542-f867da4dfcfd,0
0314b419-6c02-4ca2-8f6a-8c0f87f01fcc,1
67985156-6462-4ea1-b26c-b2bfc1062c37,1
c69dddf4-17d2-4f35-9049-553d48957130,0
e6cf1e44-200a-4767-8b00-49a10079dd70,1
3949c760-66b7-4403-8488-1fbcf6545d81,1
003792c8-8094-45a4-8bca-301d78edd182,0
b871bdd3-a816-49d7-b3ed-9564f83425cf,0
2f411aff-99b3-4d41-a0a1-eac7591362b9,0
3abdba7e-bb3b-4f6e-a125-54027c2f627d,1
8d62033a-0fc3-4b5e-84f1-e8ad1cdd6321,0
08790497-82d6-467c-bca8-8f28144ef464,0
ffa310aa-1f0b-42b5-a541-0286e4e0439d,0
2b1c51f8-e2c7-40e7-b57f-afb2f79263ff,0
a46695a7-1cad-4d98-9054-752b9b7b940d,1
6c882f9b-b50b-45aa-9e2f-535be3d24fdd,0
d6d17852-ae1c-4a16-b494-ce3975b60576,1
be478e98-a203-4783-a287-91820e843e96,0
b395e483-59c1-4c76-a474-04b270d84855,0
ffcc88cb-2ca7-4402-bca2-babf3a68971a,1
ff911105-4b72-4aa8-91cd-7f2ef84f6ede,0
acf69aa9-1fdf-424b-a756-1b2c6e9dba87,1
dc9707cd-a633-4071-9495-0fe68268f153,0
3c1f41c2-85c0-45f1-85aa-a822d0c7ecf7,1
795cb7c0-a25e-473c-b02c-bd307c573492,0
44c9ba97-98c6-4015-84fc-97f50c50298a,0
73f53ffd-dfef-48af-85e0-3664d0eefe54,1
ce943707-2bc5-4b1f-b99d-212f9e587f91,0
e71d1f3f-1966-4242-b994-2e450ae53236,0
e5270bae-a97d-410d-89f1-a76ad9057ef2,0
7f874e27-7119-467a-a860-b0cd581ee77f,0
6bed5d2b-c105-4174-983f-72217bc82bdc,0
ccd9b1ff-109a-4579-8c19-150b159ba912,0
63901033-594f-4452-85be-3d48f9a17794,0
7f001dd8-89d5-41a5-84e6-439ac0ff5358,1
f4c5a9c2-72b7-4186-9cb4-90dbd237d7c1,1
7f411f4c-05a6-4dc9-94ad-5e2261a67011,1
33720dd4-2684-41ce-83bf-d8fdfc2a95b1,0
b4275c96-7d47-469c-b2b0-8a82d86862ea,1
e2aed9e6-c02d-44f4-a3fc-73e88eea3e15,1
e5ec0c92-3719-48be-9dfd-bf5b31fbe3e7,0
b83227bd-7140-48e9-aba4-5ff6ab73c37c,1
ea6a1a1f-1e5f-4bd7-b4bf-87bc2525afee,1
011c1ef4-5f70-443d-8cbe-3ad811f2d366,1
cb388b93-eb8f-4ff9-aac5-975967c9a83c,1
4ee62a40-89f2-42ae-89cf-bed25c479043,0
1638cee5-2423-41ef-8a98-de02130dce2d,0
626442bf-f35b-45e8-9d06-c4a58ef7d5c6,1
cafb2334-5d3f-4905-954c-cbf1c437a4e1,0
824eed44-7403-482b-858c-a94795f9fdad,0
f3cdb7d2-44e6-4556-a408-13634364ca0a,1
0371862f-cbd3-4dfb-8842-2487ba53a853,1
11b1ee79-df1b-4844-8962-60df386b1887,0
a38096b8-cb24-44d0-a455-837739ce7882,1
d6b1fa12-6535-458e-acb1-de16e5a6314e,0
2bf0b475-4cc5-4af1-9a92-6acc03dbbcd6,0
207ba999-b0e8-444c-94b2-9dd154a72148,1
5799804a-1e2b-4fab-aa61-4166e800bb32,0
9152d02e-2145-40b4-b762-c8e7332a709f,1
098f3d5f-f3d3-4df7-bda5-79d6ad7260e2,1
82c70afa-b08c-4923-9245-7770276183fd,1
8e164143-55a1-4353-9cca-a51128802f18,0
79cb6ab5-cd06-49b5-94d7-6f7d15199561,1
5ba5fe84-dd90-4c6b-949c-3709d9a5310a,0
83ad0d0b-1d93-4d68-88f5-0a02fab390ea,1
7395a001-7d22-47bf-8edb-43f8c8dbb8bb,1
a585c733-bb9a-4e60-9b6a-c8a7369dc781,1
ea238380-2331-46b2-857e-e8a266c261c4,0
01ee0c94-7f7f-40a9-9a89-a2abd9617c29,0
ac581cd0-58ab-4c05-b560-0143e41c8ac8,1
cf03087d-eccc-4c40-a577-16f372f81f23,1
acff616b-ab8a-4a36-b5d8-9fd8d2111845,1
2e6535cb-9a10-4d05-bbe2-e1a4ea4665cc,0
fc9a0af8-c699-4985-9df1-64a3facf6702,0
f4e515ec-8236-4126-b3ca-5ccc7832e271,1
443c29e6-d704-4a7d-bca5-2d8e6766ced5,0
4ced49a7-afa6-4aaf-b11d-2e169941878b,0
c05f657a-04ca-44bb-9376-c40d9f882320,0
c5af2ce9-ecf3-4b54-82a5-f10099d0fcc9,0
2ce554f1-7610-467d-92c9-443b6dc929d5,1
7dd55116-46fd-4256-af36-df08c60dfc57,1
d10a50c1-f35d-4797-ae3a-b92912aaea70,1
9079ac08-d1bb-4346-8f3d-10ec5fee8ca0,0
70b5e40e-03d9-437b-a261-b17c62547c0e,1
81e180a4-4340-4dad-ab30-bf625445f367,0
f3668b12-0db7-45fd-95d9-28001a3c59a0,1
81efc40c-0d17-4e01-baf3-3c4afcd4626a,1
b650dc17-0923-4450-9ea7-e5814dcbb462,0
c5449c7d-b180-4ab2-bdbe-99dc23d28567,1
1d321c2a-2e8e-4a9c-bb7d-ddc6a1436281,1
12802b59-5d65-45a7-8555-0929b3aa5142,1
63fc4018-cfa8-4574-a3ae-3f73b1d779a5,0
62db8b59-5214-42c2-8730-bb61206012a0,1
a13ee993-5fc6-41b9-a29f-8e873fff6fa0,0
b38abcbe-5807-4bbf-87c9-c56ff5008693,0
f77b63ec-ebfe-4a8a-b925-e8da12f75f0a,0
84f75991-fd9b-47cf-98b3-9656cdb0bac5,0
2101555b-75c4-4959-8f72-5c62ac32fd6c,1
38b6402e-850a-4c4b-8ff3-25fea13f568b,1
3419ff99-8bb6-4b16-8c09-61c39546d46e,1
91dcc836-8f44-410f-b21d-36f2436c5d5a,1
63910014-ce14-463d-b910-f354d44ad3b0,0
38affaaf-84ea-4740-ada7-97520775eb32,1
8ee6274c-4b2c-4e28-bcb4-f13d845e9c4d,1
96df0be1-8fdb-4918-bae7-5743a45f55fc,0
92c29af9-78df-4e88-a5ff-96cf687299a0,0
f5d83440-dbf2-43b1-a2de-938dc97ff285,0
97e79d6a-e432-4ba9-95f9-1d6c5c7a5d5f,1
f9cb9e60-0cb5-4165-badb-192e17fea427,0
c0fd70b1-8547-420a-b9ed-e642307ee785,0
cdeeffb6-5e2d-4173-9592-0763e75a2d91,1
bfdeecee-d52c-4505-b2c6-4a5058ad8ae2,0
b245eae8-39cd-4311-a87e-2e3ab6f2a1ed,1
683144f5-cf93-4c16-bee1-a83dec6c6b2e,0
b75ee12c-e555-4c9e-ab27-2b9b9805d735,0
70e29b77-6a71-4ffc-9dc3-b6a76bd8e4eb,0
9aee90f6-89cb-424a-9894-80b806001119,1
42e19876-ecbd-4359-8bf0-f5a462db9ed2,0
70d35f23-0b0e-4dc4-ac24-fac7463fc077,1
2307bde7-a8ee-4f13-8b34-006de2afa5e0,0
28845ec0-a3e3-460a-8d7a-4f79277271d9,1
9bbc155c-4a79-404e-919f-2b4a96bf5ed3,0
a19c9eaf-002c-4e1e-b496-43c04b3efb98,0
57b357ed-1b24-461a-9426-92461e6f8185,1
d1c8524c-7d42-486f-a8c8-0928ebd798d5,1
81beef2a-2c26-44c8-8771-c9a347e07776,1
97ed1b85-5e86-4203-8cd3-2db8698c5d05,0
9cc874d7-6c5d-4cc1-815c-de4158a282d8,1
14fb1919-29d1-4fff-a6d8-d4348066f8cc,0
b7e8d05e-6f59-43a5-8eed-9273b441b69b,1
f09234c8-98d1-466d-81e2-0200703ebf76,0
71966853-0a92-419c-ba8d-9aeb263f39e0,0
c34d6f60-613b-45e1-8106-23697078b2bd,0
d2e21c60-6aa0-46d0-8769-d3f3b1e3a600,1
e8f07514-3ace-4246-9922-7a564cdeef8f,1
9376c33e-ccc3-4538-b30c-ee3c3a1f7ca2,0
cf2e4236-7e46-4ef4-9bf0-e2388ea6804e,0
41aa7808-67ad-472c-9bf1-cf6cb0a35014,1
8b34b7a3-7b0a-4ce6-b04d-ee49ccc4a259,0
69727144-5e86-461a-8509-8acfbb1ff0e2,1
330ca21e-e622-457e-bb37-38cf4c999503,1
3b5e1066-9d0e-4e47-8222-3e4694b71f31,0
abddd6c7-71a7-4d2c-bcd4-7d7f140b5e48,1
2e901c8e-a075-4b59-986b-372aedf8cb48,0
2b76a8d0-a48a-4304-b6a3-6f5ebb926ee3,0
335f057b-c7e2-4a0f-97ca-12cf365a686e,1
479ca1b1-79c4-487f-a587-86db740f46ca,1
98773355-623b-404e-a551-a70bc3aaf37d,1
f15f6c63-42d2-4d36-885f-5bed83cab319,1
50f11f6c-548c-432e-ac47-c0e398234cd8,1
82cd15c4-744e-4203-97a3-efbb4c2da0f6,1
d927f74d-28a7-4815-b903-dc41b4d551f8,1
1253755c-efe2-4855-a53f-59487f2ac8ab,0
e7d90baa-f0ee-4dfb-9000-b75e2b24e8cb,1
943e79c3-4493-4537-9056-a082a2ebbaa8,0
28c70bd4-7876-4313-9c61-7b2c5918587a,1
f6c869c5-5296-4d98-b10e-70792b3f7ea8,0
86a06ac5-1a9e-4045-9250-c95f912c2874,0
65135add-dab2-4b5d-a139-13ea31d723af,0
0e01d288-8dba-410b-95b3-b8a8517d572c,0
30b09352-3ecc-4f9b-a30b-391e0009cbfb,1
aa786434-8b32-46c3-8600-3e4bc61cad2f,0
b0d42b7d-8b93-4340-a031-927c8d572f9e,0
83c66966-0111-4caf-baf5-3fa30645aca1,1
6ea12263-64b2-443e-a2ab-1ad0a0a0a301,0
6d00cd89-ada1-4f42-bab1-71e4876f0812,0
feb9f84f-6b2e-4a67-a78f-2e68bb6fc939,1
d9e68da3-8953-4258-b817-cf6c9023d5d8,1
eb28a26a-7ad2-468c-ad98-2a4ae1d8585b,0
2b5a9729-8175-4e68-b033-e3673871dc55,1
4f8f03a0-0163-4a06-9743-cf50c11b2310,0
7e1ac5e7-4a56-49ac-9e0b-574e29d8d1b9,1
7bc0da3f-3019-4f98-8212-9c50813e0b37,1
0ba66404-bc01-4be6-9b15-252e50b3f4b3,1
80b49b31-2144-4f0f-b387-a7a388f357c7,1
5d47d371-75f4-45c1-ae11-1c96c9a031b9,0
b628b1a7-6e96-4635-9c7f-b0b3dc2b8742,1
8760f6c1-d77f-44fc-a7d1-def79a4079f4,1
c6f576b7-5a18-4994-8be6-031223a0857d,0
d9db8cc3-5aba-4837-806f-a62353bd0387,1
733f99ad-6ab5-44d0-8053-8b93e1e7248a,1
ee399263-3f68-475a-be5d-cc2ee59ce845,1
7db170ab-1c70-4688-941e-60e411d36621,1
c6206ce7-27dc-4d21-a93a-dc60fa2b2e83,1
67fe7500-177c-48d8-80e9-3c1e67d20ccc,1
cbd68036-1d47-47d8-9617-b4b59b3ea307,0
b0f462e3-52e2-4c76-9898-0e3c9c62cd0f,0
37fded74-7fe9-4dcb-b1fb-993188abd3fc,0
dd2f893b-e7ac-4a03-bf00-a5a272db5fe6,1
9c3d8fea-db50-4c68-9158-30da3fd10ff3,0
cb5e131c-3378-4c75-9ce4-526a0152706f,1
ec98134c-53e9-45a2-b1a7-723906d2bfae,1
19f91e7e-86e7-4f5e-acd8-6e8aeff2cb2a,0
aeb2fcb1-eb24-4f2a-a94e-846adf25a7a6,1
b9742a83-7f09-449c-b3b2-7be6fa2b2312,1
3004a351-fa22-4edd-8149-43caa31d3b77,1
e0202365-4fc3-440b-9c9b-aca5489b212f,0
6faa0594-fad6-46c2-bfbc-2b8e940049d0,0
aa18124d-5800-4484-9730-dae58b643c90,1
43a445db-885b-4cc6-84ff-721119474e7b,0
daf57517-a25d-4268-9738-0f60cd421bfa,1
769ed749-bcac-450c-b0d2-873ee3e07466,1
062bbbb5-3df6-438a-b600-1d4202610475,0
3359a106-ed1b-441e-b909-7f926953ca10,1
71023d1a-6ef2-42d9-92bb-15275c56b5d1,0
62199e14-4bcf-4324-bd8f-65e55041080d,0
808db8be-8a91-495a-a44b-856b1ba21368,1
f93cc334-e567-4684-8dd0-a9f115babf94,0
ec59d879-fac7-4b38-9c56-4c70b891976e,1
85f16496-3872-42fa-b862-5283abbe1857,1
e0ba867c-499a-414d-9842-c838c0050945,1
210af15a-66b6-4edd-8817-bb1ea4a4a4fb,0
573d4921-af99-44e3-a26f-b9c15c251d7e,0
b525639e-d426-4f73-9259-7c848ce65cb3,0
d7b9ec8d-a503-4e38-a485-aac833be7775,1
986b5eef-cc0d-4f29-9032-b4c433ef3521,1
6ea996b8-ce7b-4b45-8ac8-d4129ac6f735,0
4b79c65d-bc45-4760-8057-c636fe50bcef,0
a277949f-44c6-4a66-9d94-30bdf08ad1c8,0
444c1066-dce4-478c-8048-314a6f5244f7,0
76f08059-0139-4931-9a88-1df9a77672cd,1
02a15a63-e088-443e-99a7-02bf76d04eac,0
9f3e4da0-12ba-4b68-a3c1-e80eebcf7f41,0
e3893871-9e96-41cb-bd76-a16996a9a45e,1
78217a3b-40a9-4296-81d6-d9f00a55dfb8,0
432bbc06-3935-4b01-9700-5f6990c2ae9a,1
fec50917-353b-4202-a239-f8d0d1104047,0
e43bec92-def4-4693-8835-f9ea5fc0c1b1,1
5d24c12e-de23-4e3a-af6d-fba3830483aa,0
bd159bb4-d011-4ddc-a54c-b91ad2839ac0,1
dbe7f46d-44d8-4248-a7aa-105b3670e6f2,0
3333cc0c-93a6-45be-9eec-c880a6cf274a,0
ff225ea1-797b-4c34-aeb5-fc465c979335,0
99db3fe9-1e85-48ac-a3f8-116133454797,0
56c4bb8d-a9c8-4b2c-97e9-643a8dfe2494,1
ef86554e-05ec-4e4c-84c0-02851c3805e8,0
8475a49b-80c6-4430-889c-499c7805d2e9,0
e57f5b7c-ea73-4c3a-9be0-633d7be56e30,1
f69ba003-80e6-492f-a537-b9b2f212575e,1
38d0f2a4-cd40-4cb5-a07c-94ea6708ba25,1
10d46183-31cf-4b72-bb23-5285230e5554,0
1825480c-5b23-4629-a461-1ce51fae7116,1
14c44e27-e560-42d1-8a92-342e21732942,0
9f7865bd-2311-46eb-8644-667e33bcba6a,0
abfcf084-ee2b-46d1-8cd5-68903ac7fec4,0
1371c928-6427-4e7e-8208-3e66be858282,0
ca6600af-e100-4a8a-8053-d8f8c132dd98,1
bf5a1193-9a33-4eed-b0ae-0ec109292118,1
ad69e9b4-5975-4d0e-9487-33c3d5bafab2,0
99229904-d5aa-4ca4-84d6-1720ce6eefca,1
f4f3bcba-1bc9-43ed-85d0-54300c615de0,1
7e870e34-9e05-477e-ad7f-cfc966315724,1
11dd1757-a45a-430e-9f23-8dd6a3d986f3,0
a7c81477-13e5-41b2-80c9-7f23ae4fa50e,1
12894e13-e6e4-4fb5-b918-1fd107065c40,1
82d9625a-8b22-46c1-a93b-43d862e3926e,0
e845e087-2cfc-42b8-aaad-b94023c26b60,0
d597fba1-5d59-4a8e-9640-290da790911f,1
1c2f6dfd-3cd0-41ad-bfb7-d5632f185b37,0
9d778a9c-831a-4b85-be86-3320da10f182,1
2c49d5fa-4f04-4a61-9d8c-8b522619d933,0
b7504fe9-8e3a-45c8-8ecc-5302036a7909,1
3c8fff74-7231-4cfa-8887-64e4d451ca7d,0
beddc698-d69d-4023-8777-d9f20bd81402,0
e3873b03-01c5-42d9-998e-9a06842ba252,0
eb165ff8-7fc6-4ac9-a5a4-3d06442c2229,1
e94b85c9-c098-460d-843b-71a5365a322a,0
b81f58b3-308e-4a0a-a013-5017b42b251b,1
d994d337-11ed-4027-9cc2-ec3b6bb7e855,1
10a1eb0c-47aa-4a00-89b6-77e06eaaa769,0
e0a1ae42-7011-4ef2-a33c-85a241b2cd2a,0
0812f5c0-9868-452c-a0a0-39c9d68da072,0
379f11a0-fac0-40e4-9ab7-dca43508da1c,0
340a225b-2cd9-49e3-bafb-15176b305712,1
4ce03e21-14ae-42fc-a482-b33b485102ae,1
1640594a-9bdc-4205-9758-df06fc99db39,0
1a234d04-5f32-4289-9a99-7f11c691cfd7,1
ccfd6c52-aa4e-4e72-9879-dd30da759d6c,0
be5f7150-b71f-4940-bd86-0cc1d5a73216,1
c27b6d0e-3697-405f-99d8-607d9a0db6b8,0
c6285411-2c43-49c7-b6ef-958a02966bee,1
85cddd16-a014-4dda-9a8c-73e3472e5414,0
0719cf9e-0388-46fa-bbeb-326f56ff110d,1
102e4928-52c0-497b-b256-80d52428f175,0
84db0e67-fcb9-4fbf-bbb7-f69ed08053fc,0
82195395-eb11-490b-97a0-e6e6b066ce24,0
156535f2-139f-4e69-86c3-f2805b2e4159,0
2999e2ed-aa11-4318-aa28-b384cb569405,1
80bb21fb-c2ca-4b63-b2da-38ab0d311ef0,0
ee445a89-71dc-48aa-9a01-2eb21689c5c9,1
e8b0a180-1432-4522-a4d6-42c36423b625,0
06651391-1ab1-425c-9c5c-c1f249745f62,1
9afca82d-181d-43a4-9ece-d1d7ecf5584c,0
89cc2f43-0478-49a0-8ebc-9b984b0862a4,1
4ac0878d-1e73-48a9-b65f-b781c747f982,1
1e46aa0b-0d68-4e81-89c4-5b6a782e2cae,0
256d5e8b-7dba-48a5-8df7-4a17fc7507f3,0
81747110-5a57-43f0-87f0-dbd88c7181fd,0
e0a87e4e-1f01-4b99-8109-abb5e9ef6a26,1
96a55de8-0e34-4a50-b6dd-7787c5c11128,1
698163bf-75bf-463e-8f48-f33f16897784,1
60997b5a-5b22-4263-a2fa-f8dbbf4f39ee,0
9b2b1651-981e-44f9-96fa-4ed59cc45091,1
1f86063d-476a-4cb5-905d-a9ae6cf7dd01,1
44bc0c97-ddc0-4a15-ac59-0a147f2b1eef,0
f3ce3e97-1655-4ef0-aafd-d48548c45544,0
9615e091-2033-4d77-a224-7529a2ec8b71,1
962a1800-4420-41bb-818b-9c0d58c939aa,0
89b509aa-9f84-497d-b701-e1257be796d7,1
1812fc56-6abb-4629-849d-42fbcab7db3d,1
a9631a66-a807-47a3-b3f6-d99331ae675f,0
29760433-84cc-425e-8cec-16887f6d36f8,0
9f86b3f3-7fb7-4d3a-8d63-8cc27b12fb97,0
a9c9cb08-fe0c-43b4-8b9f-df6c0e326005,1
0bb0138b-e0aa-41fa-bcfe-ba7b90d57359,1
31a0d4ca-a7a3-4611-b858-235e0bd89281,0
87619ae2-cb59-47d0-abbf-a95daae8a18c,1
1ce15a6a-a1b0-4a61-9d1f-342b79b00dba,1
3b4c69c2-d4dd-45ce-9b94-d46f13fbda3c,0
6a94d560-e79a-485e-8bdb-7ffad175f3b9,0
397c11a1-3708-404e-a7de-3c8aca477cf9,1
d6f48ecd-d155-40e7-ad12-6e80b5a88496,1
3ab23d63-5da5-44a2-a5ff-a0c6d572d065,0
37dcdc2f-e2f5-41fb-9276-9d9e023c1fec,1
361a2ad2-9525-4ed8-b3b7-4466969b1eaf,1
eef33f71-a838-427c-972a-f941691253d3,0
18a36ff3-931e-4e9a-ad91-3ec4d873de39,0
9e419669-7bc8-4b3d-8b51-a3dd0cc4313e,0
d112dbc2-b910-44d2-bb12-75a52c666b39,1
ad1b6aee-03f9-401e-9194-f6ab76f5588e,1
f1631b7e-4625-4db6-95e7-b33e727be668,1
5d62600e-5418-4934-81d8-f5741c87d51d,1
ab5b00ec-0c00-4c21-bb2d-8349eb8f0495,0
56327402-a8c9-4ae3-956c-5daad2e6f6ac,1
98d8e89e-f609-433d-8faa-0ca3552deb09,0
46c153b2-25da-40ae-a8a9-1b96d41fe3c5,0
9a8ef86d-8216-4117-b3c7-fd9ce21159fa,0
648c0827-8749-4072-8415-6af2714b1c16,1
db1da287-112a-43ee-ba0b-642a3f3a063d,0
5cad0d8f-86a9-4d16-b8bf-7b24979b0269,1
45450cb0-0956-448b-ba90-148aaaeeef1e,0
5f87c51d-ccbd-454e-b30d-847fd8d3bdf2,0
080bfa71-d3ec-4f31-8126-6b8f22ca7924,1
8df9b8e8-f52d-4b86-815b-05cca78d7777,1
291e9138-a819-44ce-8cd6-0ea02be5d65d,0
d5109722-1e2f-4d6d-845f-98f228a6d41d,0
8685c846-7d47-48d4-9dbd-6f215533d941,0
8cb1ff99-92c2-4352-b3bd-64044dc7eeca,1
2323709e-d809-4761-9f43-5e9ae2a8064b,1
9fdffe12-6040-4eda-b42b-dfba76287976,1
09d088de-175d-43d9-8d5f-c9da03249d37,0
4e47e45c-fe52-4bce-99e4-5fa494b30c44,1
58517769-fd65-48db-a998-19e26993d53f,0
8abf13cf-b0a8-4413-a17b-b8dffc1a4059,0
1377dc94-6050-4309-ac16-5ce74db435f7,1
9ad1ce97-a41d-42e8-be1f-9facf147c677,0
58300655-0390-4831-8429-1a3692b0fd5a,0
d0e76ff7-17a9-4df8-9618-3e2081ebcfbb,1
4a7c19c9-e438-43d5-8c5d-41358b6bef81,0
416e0527-f6e8-42b4-8560-1284022403a2,0
f17752c3-42be-4247-863f-a79d88ee19b8,0
fe7e1654-ca88-4d1e-9444-46bb1d828dbc,1
b3697be6-f9e2-4309-9ff6-2764ac4b7f5b,1
8e01afd3-b12a-44b5-85bf-057c50044ccd,0
2af098b0-277b-45a9-8251-9071717615f1,1
9830c8fb-5ef5-4338-81e8-d09cb2914265,0
5ff07337-3417-4d62-b82b-d157254a5e78,0
7ea478ff-7027-4a8e-a01e-7487b9dfd6c9,0
ebbc91eb-c44a-4282-9c12-6954dd589ddd,0
47dab71d-1a3b-40e7-b216-8e16e1d5796b,0
ac2199da-3955-4493-870c-be6f884f654e,0
c376e89e-fafa-470d-9a17-684cf3c74ed1,0
90b3b36a-3319-4e17-b4a7-a063c7069825,0
25d1f0f9-24a4-40ce-9111-bccb6837bbc9,0
d0b7c388-7d30-416b-824a-ee05fc543f43,1
a8a0a72b-a53f-4ac0-93db-c6819a10162d,1
2b82f492-0769-40af-b083-00aa0593105a,0
5fb30588-16db-4627-bbd0-5bc2242c1e93,1
102aca24-3398-4cd7-80ea-d021c3b615d4,1
d4ad36d3-1d1a-4847-aa7f-fb3adce1418a,0
91e9ce06-e76e-43e5-93f0-e560e264ce05,1
d18e93ff-40ea-4c67-9361-b67e5b8390ea,0
dce568cc-efc0-4832-bc71-de01b06196a9,0
3ece4d81-a9b1-4004-9a2d-fdb5d8571e4e,0
fd5247c3-6404-4ebd-8960-f601e55083df,1
5f370083-6dbf-4a10-abce-fb3f85c9a407,0
5ca1634e-2b4c-4115-82cf-fe04100800aa,1
0263ae94-8808-4e6d-9559-a968678c26be,1
c6e123f7-9543-4d10-8d4c-01643429d060,1
0e8cf648-ce7c-4138-a8c7-c8129629c0b8,0
3922fe8b-b188-40c7-9f51-9102eec93f0f,0
580b8ee9-20c0-4d3e-a9bd-bdd5f7a249f8,0
1bdd295a-e656-4841-9dec-24d65430477f,0
04db23b6-0617-43df-902b-94b7f6ef5c19,1
f92770f3-a88a-487b-91f6-6b834b54b508,1
b6c890cc-b293-44ef-889b-f19970b226f5,1
a038c7a2-c6dc-4a9b-bb9c-7181dbec471a,1
624834cc-256d-480d-8bb4-16807a9d7341,1
2f8dc233-ac43-4dce-a1a7-daae0ea941fd,1
b083e1ed-4710-4f81-af10-8c543ed76f03,1
0b08272c-f03e-490b-9ad8-c8d96cb8e201,0
55604862-5132-448f-b819-fd671f66b40e,1
a2032375-20cd-454d-9956-507aee822c2e,0
013fe5a4-e597-4d01-946d-0d3b14c5f80d,0
0797fba0-aa86-4dd8-88f1-5a26d7894907,0
9bfbf336-200b-486f-a3ac-59ed5738e683,0
28b6b0a7-2972-4117-ad8c-918b56ec9e3c,1
9ef16120-3e86-4f2c-8a57-f12e48fca9dd,0
d9328eb2-84e2-4eda-b271-f7fd3cf5f7ef,1
6d994caa-6258-467d-850f-79839c52c0c5,0
8421da09-17f7-4ec3-bd8e-2675da32eecc,1
0a3b4bfe-89b3-4037-a5a9-e5b1ed376bb5,0
2df5d120-ac0f-4a28-956a-c50983398512,1
3e5b761d-36dc-4b21-9b95-82a85cba35a7,1
7320683a-dfd9-4c67-b109-039c3af96f08,1
82aaec06-2a4d-4a97-a174-c36da9153a49,1
2e61180e-ee06-4c47-b242-2a5e96e1f684,1
2a09b858-b430-4daf-bfef-80822a8c904e,1
9a5fdb10-f856-4c25-9974-93cd38d92972,1
014a36e0-f424-40db-85f7-0391729ba4b1,1
3cdaad9b-d9ba-439f-89d1-508fd393ed34,0
f5303c8d-8f01-4694-9bb6-2eba445ba6c6,1
2b0e63ae-47dd-45c1-839f-ead6a8f3d21e,1
39fb776f-9099-4273-bee2-496795ebc84a,0
32de0df5-12d7-474e-9f04-4c3a99ad47b3,1
06e51d36-f982-426c-bd47-1585059cae6f,1
2e7b7e10-dd01-46d7-976d-aa8fa1cda5c1,0
186e5acd-0d42-45a7-8805-446b63fb8051,0
4a7eae66-9b3c-4f51-ae16-06cdd7d594cc,0
13cf4606-6665-454a-b818-55d1f2249319,1
43204e04-145e-4098-9947-3033214521fe,1
20fde97f-6d32-451c-b4fb-09e180cb0c0d,0
f25f23c9-7b10-41ff-8cc4-63530dec8174,1
de4dfc3f-5d55-4dd0-a6ff-e4ce5db9f4d4,1
ba2881f1-0b4e-4dea-abb1-be6e56d8493f,0
85b25c15-f1f0-43e2-98e2-08c2c1c77472,0
0a8a6236-dfd7-46d5-b56a-9846c4b0a80d,1
9579d19f-ae48-4ccc-b87c-31c9f06b307d,0
7042291d-1101-4f07-be7d-56e5f93054b4,1
116679ae-3480-49ae-9921-cd42f4225691,0
184fce63-e058-4883-a88d-f12acc72ee62,0
75f1d785-c235-4d6b-81ff-acb13ca4e6e9,0
e700d526-7c57-4c90-9597-060af384bb83,0
e2041402-2c88-4afe-a988-8c3ad111d6d4,1
b07c2ee6-2c7d-4ab6-88b3-f8a0269e1568,0
aee5ebdd-9fc5-4333-90ba-a0dce3943684,0
1b89b5c8-8a4e-4c37-8938-55f84f7c6eae,0
65bb7547-1452-41a7-bbbe-9e748172f76d,1
c56c3bc1-55f8-4734-a485-753aca4ce319,1
ca873b18-bb1d-461c-974d-ef2a3f42f4df,0
67f6e559-7ebc-41cb-ab1c-52b146dfa633,1
8aa27a97-76ef-455e-996e-6aaebda8592e,1
27c7f26b-75bd-423f-8585-519ec7d5838b,0
be5e6839-2bb3-4c3b-8005-1e604427123c,0
dbb82633-e471-4591-8497-c71171291939,0
300dde7b-4ef1-4978-a2e1-382dfc6e9d39,0
024186c4-32df-4e43-9618-dbca84ecf576,0
8f23e00d-9617-43ae-a4b5-355a897cc701,1
8162e28b-3608-49c2-932a-8dc161aa1c9c,0
978f3507-3a63-43c9-b239-c93ed68844e2,1
f4e0ebec-5169-4dc6-992f-da898d0a2197,0
9c8f7b8b-a5e6-4ecc-9443-c2b9c46ca36f,1
a513f183-d985-4933-8f8d-3d831efabb3c,0
1ce57af1-e348-4276-849b-a0f8008b0576,1
2faa9402-4359-459d-9a36-b27dd881e109,0
14dc1ece-fcb0-44d7-8538-dc437d4d8708,1
77c6436f-1c13-4e7a-bcd5-971d221a3919,0
343006c1-4a30-410d-a217-036e9b5f251d,0
85cabd19-99a0-441b-b918-4a00c74b7f5e,0
f5df693f-42d6-4178-94b5-03a7b57ecdab,0
205bb9a3-6e0a-4e5e-bfd0-bc79734c946b,0
c6fb1963-06d7-432c-b16f-7eefc6c7f02a,0
caa64aa4-958d-48b7-81ed-e95a09298274,1
7694147d-f66a-46b9-ab98-46c76daa5ae0,0
40faec20-201d-4299-9d81-f115c05449f8,0
38bf3dba-7f13-4759-b315-b3fa201fa35f,1
429887e8-8c60-4a59-a28d-407bc965cb64,1
0d07b8e2-ac42-4e85-9613-80995d583db1,0
3f5f5638-cf10-4d08-8f41-10932ac52fd0,0
6043f649-8f11-49f9-8e3e-4014e57a5c16,0
9850390c-af04-47f6-9b5d-c0f2b0351402,0
82ad1919-ee58-4698-8ba7-5b1010939645,1
7c09dfe7-5c6d-4b73-8300-98f01bf65033,1
d273ac28-29cd-40a4-939b-bc8760594b75,0
a1576e1c-329d-4b8d-95b8-8c39b48f83ca,0
c1fe058c-b418-44e4-aebf-d651b40744e7,1
5bc4abe9-c3f1-47bb-be70-2018c4cf661d,1
b8eee117-0b48-42ff-82ab-31e79d0c6222,1
e1d154eb-505e-4185-bd8b-0f05395651ec,1
f2e9f153-c00b-4381-9d13-9dc09408055b,0
48af7266-4f67-44f6-a84c-c0487f14c771,0
2459b915-9e70-4353-915f-cd40505c6a96,1
efc5a4bb-24d2-450e-b123-9b6794a31dc4,1
8f8f7b01-9813-4233-97d7-c3741229f325,0
0c3ffc00-b569-4193-907c-f4b8f46f83fc,0
bd800944-5476-4bab-89a7-9ecedd160119,0
af71f8c7-d128-4d7a-8830-39a85762a0db,0
bac8b576-7601-4508-bcdc-59f85cec4e81,0
53c981a4-e6c5-4e31-88b4-2955ffa8d460,0
aaaa7604-1f4a-47b9-914c-2eaa7c87379f,0
ba98ea00-6ab4-484b-861f-59a853a918be,1
94b01e64-2f37-4496-843c-9a8b27f053bd,0
30a6e8f1-4b6f-4ba4-91b4-be2c5b177b5f,1
3479d975-9db0-4272-a4cd-ba1abf3c6db5,1
f5f77b73-bb2c-4180-bb7a-5c6a106db3a0,0
1c1390af-58a9-4fa9-aa52-fc7687e3dd18,1
acd9fad9-968f-41a5-ad82-57afbb506539,0
1766f3d4-01fd-4661-b868-e0ca60d47a48,0
7886aaf1-d158-46f6-b64a-2ccf2820467f,0
d9e276fc-46b6-4646-8a18-307ef503d98e,0
fabafbc9-e5de-49f8-87ef-1690f93a70bf,1
0f30e53d-278e-455f-ad77-ef819bcfc5d7,1
1fba15d4-d969-43c6-8ea7-3f8aaf0a0252,0
2b17378d-155e-4840-a0a5-fcf52545c7ea,1
5a14e73b-ebd6-4912-bba9-d41808d6b782,1
01ea24fb-0e63-4c3e-ad89-63f9b563d101,0
53f35e26-efcf-4508-8325-ef771d2492cb,0
570867c8-f5c3-406f-b6ee-1f425db55d37,0
3c7f11c0-a476-4e83-9fcc-003572e7b80e,1
751175c2-6db6-495d-bc80-dfa35c0cfcf4,1
378313fc-9dfd-4787-bda5-1e88c58b7057,0
219cde3b-13d5-4935-adf1-ec04a1c65519,1
41b7e0f1-d7a9-497a-9eff-2f2cbf8b4e8f,0
93fbfa94-0c50-4664-9236-1d0a6d68ee91,1
24c635ec-3760-4bc8-88db-6de0c35c5092,0
e88ff426-c236-450e-8339-07d464cd89e3,0
d9828f52-84de-4b93-b105-1ac3f32f171a,0
2782e8a2-f111-46d1-9fc5-c3e995cc6fe6,1
54569f2e-580f-480e-ace0-96eba48fbf60,0
fe860a64-2ef7-4538-b170-1ede1ee4cb3f,0
c51390ff-5c14-4376-96cb-811a83ced253,1
9cd7649e-3ae9-4145-831a-5967b9e599b9,0
595956b2-55aa-4510-9a7a-6ef0cf08d1b7,0
e043517d-5656-412d-bcc3-180eda844290,1
433a0835-c3c8-4358-a158-b6e7bf585ebb,1
c6c83a29-eb24-4d82-b47f-c7637b91c75c,1
0ccefd61-e6b7-4a80-bdc2-e1bcf0876bbf,1
2ed4409e-d84e-44e2-8328-1a6cbcb7ea42,0
6c1d186c-6d0d-4b0f-96ef-c76cad064992,1
3dbf7c73-22e4-4ded-9ea7-3ad1aba0ce4e,1
5ad9598e-d116-4e1f-a583-dbd84e6bb7d2,0
84ee23f2-52d2-4a1f-b20e-fcd0b553a4aa,1
9a5a5343-11ed-487b-9b5e-29aea103fb33,1
eddb50d9-37de-4718-99fc-74372e47c6f7,1
09073852-da13-4f19-a4d7-db9ac198bad5,0
e68b4e84-c2b0-49ac-a0f8-b3956ba59ed2,1
cfdc2a65-a3a7-4fdf-8edc-06d6eaa150a5,0
dcbe3dbd-7034-4c78-9c24-b358475c8aa9,0
e3599904-d161-4219-9823-2ff1fa8ac3ad,0
781c3ee7-702c-4015-aa72-0000b88b3881,0
2da0c15d-2421-4778-afae-731c0b964b60,0
6801fcf5-c5aa-4253-a6dd-c86164f2d52b,1
c4a32675-7b8f-42db-a697-bab2355498ee,1
57765c0a-87b5-4c73-b97e-dfca9d310d59,0
613747f6-f63e-4668-9359-0522f196045e,1
15e9ac21-c457-4a9f-b4ae-5a5337a3ba31,0
af247529-9b2a-46aa-bdd7-ca02870a89b1,1
dff41d05-4ed8-4965-9a9d-ad4a7e86a035,1
ad3e67b3-d8bc-4b9a-adf2-46fcdeb6d5a6,1
8ff6f5f4-6571-40aa-b214-19aa03fe932a,1
5a96add5-a8d8-40c2-99d7-5646fc55c0a6,1
0b6214d5-6478-426e-8fce-6ebb70878d69,1
d3760523-016d-45c0-95ee-2101ea5834b4,1
11cdeb7e-a0fe-4a21-897f-8e689bd7e889,0
d625e39d-83e9-44f4-b73d-74fa67e396e9,0
a8ced751-f1f8-4cb8-a8e7-f83b39c4a6c4,1
27d2ed46-6711-4722-8d39-65483a298a3f,1
702b3013-7e9d-4839-a540-fbed8bf9c415,1
31fe2de6-b2d0-4627-b68b-628442532cf8,1
48d1d0bf-90e0-4bae-8fe8-229b98ddce30,1
b118c064-46be-4d58-9402-00daf2c99e7f,0
7e796a8f-61c2-46d3-a8c7-627738c5971c,0
f1ab99e2-8c2e-487f-a60a-92931f71f848,1
f782247b-b2a1-4074-8312-be8f777cd054,0
c8d70244-a560-4aec-b4da-668f3c1741b9,0
2e3a66e3-54e4-4e1a-87d5-4bcc44fae28b,1
9608f525-12cd-4001-a27b-5725a3ae2e78,1
c3186824-d42b-480f-8dba-f5deb662f32f,1
356cc5a0-3118-49b9-a03e-c6f2e8e1486a,1
221fa69c-9ba6-4f5a-80a6-3f756185d77a,1
ae7a0d56-862c-43d1-835a-640ed11fdc38,0
835045ac-c5c6-49f1-a75b-96c84d7f89e3,1
f5cdad34-cfe9-4456-af9e-e791d84b3ee9,0
707db797-21c6-41bc-9386-902ef07ac5cc,0
a5b89371-d0c5-43c8-88e3-6756698fc44b,1
3e94231c-e1e9-4940-bd44-9da9f654a5c7,0
336fe19f-64cf-481e-bfa8-1fc9609443e0,0
7f91928a-78e9-4b88-aa8c-711c6b21dbca,1
79012aef-1f27-4004-a11b-3bdc71bcfb0a,1
1ef97483-6314-48d6-8730-7e94ebdacb2e,1
476003a0-82e4-49b6-b57e-8a930cb68a75,1
6fca9235-39ee-4069-9da1-15831cede618,1
cf443dae-ac2d-4426-87f7-97ac80fcb308,0
23c3be98-6be9-47cc-808b-2e8ddab990d8,1
422abd40-8263-4935-9d09-9324cb89be72,1
5e4acf18-15e0-4eb1-8a10-cd51583db0be,0
c6625d8a-8528-410b-a7d5-4d4bcfd98ee3,0
e7fd24c6-cabc-47ff-a7af-ff918764b0f8,0
b3086ae3-5ec4-494b-91fb-c9c2f874fed6,1
d878e616-4af6-4aec-b850-a8aacaababaa,0
930bd8d6-f040-41f5-83fb-b3902bcceac6,1
a9a750cf-95db-4254-a214-e2564702e94d,1
ade3724a-f3cb-4bee-a1ac-7a5cb6cd126c,0
4ef0b171-e8b7-4766-854e-c76aade4bc9a,1
1aad69da-6d22-4610-b38b-4e840191868d,0
4fdf289f-7f75-4202-9ce9-dc1c99b575f9,0
edbbd49a-e003-40a6-984a-40e258a605ae,1
34ea3c2d-bb9d-43b6-92eb-0802b3491bb4,1
f242b7ae-4a1f-4b21-807b-0c49dba76b98,1
6913ed35-a668-4314-97a2-3350a82348b5,1
5e4b4e17-fd79-4c58-ae88-83f8957ffd36,1
e7131dca-4db6-4644-a011-6cbd3017b7ea,1
647877eb-1682-4903-93f4-d1083ffdaa3d,1
daf4ad6e-ae35-41d2-a49e-7e74379d036b,1
fb9f7896-1728-4639-ae82-0b47582ef5eb,0
ec9b8286-287e-49b7-98ef-863cbb2c59aa,1
54f1e726-4b59-4da4-8d97-f650c00e6f9a,1
aff159b2-a5be-471e-a28c-e0b0ad3e64f6,0
27c8c44a-dc63-4ac1-991c-d69cd6a2557d,1
01642532-5855-4c3e-bf75-9624be368c9a,1
cd79dafb-5789-42c7-a2fc-b7bbe8115eb4,1
1452ec7b-26e4-437b-8743-7a1199662741,0
17bbfbd2-1f4f-4e7e-a6e4-6b86d2a8fade,0
0c9ea66e-aa01-4f5b-89e5-155eb4dd0bc1,0
5ea8eabf-fa0f-497d-ab04-69abec0e4cc2,0
c99377f1-73d8-42e5-833c-6ab0cb23bd7a,0
56d20f63-3f92-44fd-96f8-a9fd452ee60e,0
45d239dd-44a6-4bf0-8719-8aa0dd937403,1
7a36cf9a-f795-4cac-a50d-924f659ad8ce,1
12f9d963-c149-4903-804e-66dba7b0db9c,1
821db266-ec01-4aea-87f2-a334d13b2457,0
0a98656d-6bec-46bb-bbb1-06965e20f852,1
30751227-f51d-4857-8a76-ffab791147d3,1
588b334c-f698-4280-b031-6407573764b5,1
b3310ddf-3365-4846-b8f4-afd9619d5032,1
eaa93a6a-86d5-428d-a7cc-4ef638524377,0
8e113517-2f2c-47ef-8e3d-c290e7dcce46,1
692d6e09-8dcb-4ec1-83fe-1c45e04a5d40,1
939f9a45-bda4-491f-a9fe-f8466956d88d,0
97b24ba5-2e96-4859-b9a6-6d112c760b60,0
9e7e0b0f-e5eb-48fd-9973-0edf00c0d4cb,1
9e3fa61d-d56d-46c5-85ef-8bd4343f58a8,1
c1f23448-01d7-43d3-b7c0-ef56ddc0cbbb,1
42cd400e-8559-4858-bedf-8641505a98c0,0
966a0d4d-431a-402b-bcaa-9cb87fcfdfa9,1
8ed0f212-72cb-4930-9d17-0b22aa9bf386,0
41bb1fcc-4f18-4425-8571-434a9cda212c,0
ef04c771-268d-4c8d-9864-06c3ab43b203,0
8ad7e0c1-ad48-4707-9e8b-8f5967674fb2,1
197af25b-6958-49d1-a194-187a1d12150a,1
e54d9a95-7ca2-45c5-a432-d40bdc13cf71,0
5be983c2-a23d-4f0a-a870-d793f9d2a412,0
c122b7c0-149b-496e-aa46-cbf5021f56a6,1
b26cb277-9a34-49a5-8967-7bd76cd28510,1
5e9c04d6-d7b5-448d-9370-fec0e0ce1b22,0
6696ab95-ed39-4057-84ed-050e8d92c1e2,0
340e313a-4283-4fde-94b1-60c12bfd600e,0
a98e1e1d-3d8e-4131-96c4-f0d9a0cb7307,0
91489e9c-e6ca-45d3-84ba-daf9d3eab39b,1
d00ba11f-f003-4b4d-8c87-42d44b939c07,1
37c6f6fa-bc2c-4c81-bda9-670acc876afe,1
036cbfff-f959-4d09-8967-57d69b9ddf5d,1
d75c47f2-9bf7-4299-ad30-0c39fda23ed3,0
9b5e080d-a6e4-438b-8347-0036e6e5d183,1
1ead764a-efaf-4892-9d37-e33a21374ce5,0
62a8b95b-e7ec-4c4b-8efb-f325551c2b2b,0
1acd0539-efbc-4524-9d56-ab4d1711d884,1
ab0a7b81-5fbe-4d53-af49-46813fbb2888,0
f1ffc28a-9b5b-406f-a5de-634933da63e1,0
3efab4d4-1b4d-4d07-9360-56b31d363886,0
dc3d7242-a365-49b7-b5f6-938936470d65,1
75bbd594-2f1e-4aa6-9848-211925b21ea5,0
c911b08d-0dbb-49fd-9404-9388fd26a10f,0
7e1cd3d2-944f-4fc9-b541-e0b2a0389bda,1
59df1986-c606-4a61-ac0e-85c3058a4dfc,1
2f4f45d2-e8eb-4589-863d-41879bdb7da8,0
ed85a709-81f9-4904-afc9-a1e59ce47930,1
abde39d0-404a-40a9-9178-1bde01f946f9,1
5ec480c5-98f5-4385-9a61-64dd5e021922,0
717b8615-2807-42c4-b1da-1be30972a7f4,1
beeb0f7b-f4ae-464f-9fd0-5fd662826bd1,1
a0ba55c9-a3af-4da4-9a37-6afabe0235dc,0
577ab741-7707-4f26-bd75-6b0e9c9e4562,1
417234f9-7b4d-49b3-b132-01742186a8eb,1
73746177-e725-4407-ad62-77abcca44fba,1
e4360542-4c51-4e9b-9b74-7c1435ec4501,1
85fcd2a0-105f-474d-8a29-e856d6a5ae91,1
e5c7d156-7ebf-43b3-a2e9-e1ad3ba95e52,0
1e845fab-c1ed-4124-b22f-cf720e3b36cc,1
5d216762-ef47-4555-b23d-ed62859fde49,0
d58419ac-9ac1-43f4-8674-af36f5e52976,0
75a1d4be-e234-4d4e-9620-3dcf2a70e326,1
911648d7-96df-419f-9b48-26654295445a,1
4122c795-9ba9-4ca2-874f-8c1835c41068,1
9cfc3580-bd07-48f5-bebc-a6c5de89299f,0
27e31f7d-442a-4f87-b5e2-c945802146b0,1
8518eec0-5f1e-4d56-a3fa-88dcc5e6367a,1
429c0b4c-d760-4210-bf44-31c898b2414f,0
13974413-6c06-4b93-9ef5-f22e98924b17,0
c630517c-482a-41f3-a52a-e5ce8a44a5ee,1
e7232ce8-ff6c-430b-af45-0cd78a055223,1
6a30c122-bc36-4c2a-aa04-b9728f2cdd43,1
500137b5-14a4-4ccd-8fe9-2c06e692d0aa,0
9b3cc5ec-cb7e-4366-8d50-9f95a4468285,1
2bb9b506-6472-447a-a27b-6288d65d9713,1
1594e400-c710-46af-af72-f8a4fca54c48,1
b76a327f-a0af-4bf2-afce-4bc20407a56d,1
3c4e2144-db44-4843-b551-2e57c6bf1558,1
44a5bd48-69da-409a-8d33-56d3f0241e88,1
ebef4880-97f1-4e2f-aaa5-6a9d846c7964,0
173edeb4-926e-43ed-80f6-302cd87c6d0e,0
5493dc20-505d-45dd-ab71-0ac7e350a8b0,0
67288a54-4086-44d2-8e9b-cc3d91631cb5,1
fe09f65c-5039-4dd0-9785-e83302984394,0
35b16218-9b5a-4f47-9a6f-e1bcf5b4a7ac,0
658c762e-95e1-4eda-9131-81797c71c3e1,0
7b40a324-b650-4b62-9dca-ee87efdb9d89,0
f86120d9-caad-4a6a-abeb-9baf620301b1,0
70badcfd-5d1d-4a73-8aa1-3221d6eb5d94,1
c690407b-bbf3-47c8-ab85-0c2888b17e46,1
3237ce4b-520b-41df-82e5-8f7eef11ceeb,0
d0347e34-9dd7-46b5-a4fe-1be3724daa87,0
193d072a-3793-41f2-9c35-94d49ba25252,1
a2f53955-ab7b-4718-80fc-b8ce31c85265,1
b69b9327-23ed-4aff-9fd8-236b2b5e1c75,0
01007b08-b5e9-43bf-96ca-3d45f5b19af1,1
a1883e5b-5439-4c1d-9f99-1ed4d1d9c436,0
70b4e58a-cf69-43c9-93df-902fcccaa2b4,1
48e776ff-1339-4fd0-92ca-c5e83ece14f6,0
4d4005aa-321c-4060-b794-a8cdd36c6d62,1
13d041e6-006f-44d3-b356-5b217fd03a6f,0
3938ec2f-746f-4c30-a8bc-5dee837d2469,0
cb574228-f544-457e-a1ec-f7e4d7bca2f0,1
1d708625-f827-4eb4-8816-16ef84595504,1
c795689a-bfc4-4bdc-b277-2fe8230b7af7,1
ef6f18f2-6b92-4b88-8c7a-2a82ff7d1731,1
0e1f6987-21f3-48c4-a45e-175e22eefbea,0
a8f9c798-8757-4bf1-bf19-042593fe8050,0
66c08444-4269-4356-8b1f-1c9d99bdc03e,0
d0c1a3af-5dab-4dd4-96aa-44fa3053b6b5,1
579e042d-8255-4e82-a9eb-01d406d15fb5,1
78618b38-b0e4-48c4-bcc7-088b88b194a5,0
d9736bc2-2d2b-4a99-8795-9bcb152efafc,0
fc3531dc-7719-431e-806e-8961fe123253,0
09b87024-4f5a-46e8-9ec6-ecbd42fe5539,0
86507b76-e976-4c97-b0d9-d13f75f82bba,0
19ae3802-b920-4cd2-992f-4abfc49382b2,0
fb4dd39e-5a34-482f-92d7-f68ab781b226,1
d45a6237-4093-4ab9-9594-b21249729a5c,1
03929aaf-88ea-4ea0-aea5-4ce0c9fcff3b,1
c609703f-718b-4d58-a2e5-c18a1971abf2,0
fed5084e-c1f7-4a2f-94b0-70eb4590a943,1
61049fe2-14dc-494e-a2d6-f475325df4b2,1
e9c5d4eb-9430-46e0-8b3a-2fcadb80b25f,0
bd260815-3c69-42ad-9673-5ca7f145543a,0
5e6240cc-5936-4c18-b9ad-02d7eb69eaf4,0
3a9edffc-8dee-4b81-8039-76dc61efa90d,1
ca45dabf-821f-4d88-b97d-97062e33e9f2,1
03e5afc3-e5c8-446c-8322-6c577c2478de,1
3e627f5f-ed18-4768-8787-ab2b1da57f38,0
9739f4be-68d0-45fe-b10d-ea8b0f733131,0
e3cf804e-c875-4997-af46-86495a5ded31,1
3709830c-0e89-46e2-9126-134962a3e646,1
45324553-8b19-4e95-8885-e1a65b99fbc4,0
528b1640-7e26-44e9-9b13-e6d24219bae3,0
4793c844-e78f-477d-b85e-da84743dc598,0
e5b0ccb4-5da8-4e8a-b2b4-82b05a7b523c,1
82a90d74-6e18-46a2-b881-b94b93a76b5a,0
29b82a24-c5c9-40b2-bc2d-8fbc3e9aaca3,1
fcd1ba1a-28a7-4a90-acce-9e7bd45d5c75,0
ff0312b6-f20b-452f-bdb6-78b8a81cd975,1
0770be21-95b3-4229-8f0b-f61d0502c686,0
93689c9d-3e66-4743-ac2b-f5b51ee632a1,0
29e80758-6573-4cd2-81d7-e839b5a1ee88,0
b00dfa0b-8f2e-436e-88a6-00136bce8073,0
2a0c7bfb-041e-429b-b4a4-bd7e2684d4ba,1
8c4ad120-58da-4f2a-ad6f-a92bb5cab04a,0
92b530a5-9e6f-4215-9c46-97065f9281c8,1
77ffd629-3dc6-4eb8-96ae-01689f2ffaad,1
f5cc4ba5-1fdc-4099-871d-7339869e415a,0
f5fcd160-4b58-478a-a4ca-f523b77fd482,0
76186d15-c16e-4486-8afa-e0143baeda1b,0
e31c49a8-b54d-4d97-99de-d9d165a3d912,0
d0bf9b79-9afb-4844-8951-c34e016b3568,0
7c7c8877-eb23-4cb6-87ef-37543d7a6e81,0
3b825175-ee27-4eda-978a-168f1f91f11c,0
5bbe0f64-3ec8-43ae-8fbe-fe5350d42b6d,0
cda00346-0e69-4cb5-90ab-5f1269f47815,1
8fa09a28-a113-4841-9bfd-85efcc99b2cf,0
51dac2e9-508e-44f0-aac0-925bb00347d6,1
6e81be70-4e57-4636-81e7-69246a46d658,1
61a2859c-4b4f-4d66-a28e-bbb36e5f9d95,1
f62d4da3-98b5-4874-b186-62c059713804,1
02ae87f3-1926-4927-b37b-cd9d3da4705b,1
5cbad36f-7274-49c7-8a9b-c556a8afff00,0
b4c1d437-de3e-423d-9da5-8ca911b90cd5,0
5ee8bd65-fdf9-4d3a-8c9d-46fbd004bc9c,0
eb1ab7d8-64a2-4122-be3c-5ae07a844f44,1
84293785-df72-4945-97fa-42f9b6a2e54e,1
4a559096-de9a-4ae2-b5f8-d35dbea7002b,0
9604f6e2-7220-4ff0-a40a-fcfbeeecfdea,0
62549e33-ba1a-47b6-8b04-7f8ba29353af,0
feb9eb86-2905-47f9-8a63-ab2d54f9aa1b,1
be5d4418-646c-4a0e-94fd-55649c693a2c,0
0b15ce0c-97c3-418c-ae40-7f6f41d06aa2,1
0fe474c4-e9dd-4e4d-bc17-81f3644a35fd,1
61cead2f-7f74-429e-bdef-76572d02886d,1
0b477260-02de-4df2-bb1b-9319427e169b,1
3a32834e-1aaf-471d-9f8f-b5cc7a103c4f,1
5c3ecd92-9302-431c-8cdd-518fb2ef2d1b,0
f1a6bb32-e0a9-4069-9a0e-ec5c3cf51522,0
14bb6919-9b83-45f5-aa96-94d944a19d97,0
f1874128-d753-4fd8-be4c-ab12d788b35a,1
ec6981a8-1690-48c4-993e-91b142fe224a,1
80b0d95c-c47a-490a-9f8f-49198baec35d,0
78165bbc-be00-49d0-9591-199bc94ad2d7,0
58045f24-62e8-4cef-92dd-688ffce30571,1
bd912c45-06da-4229-ae22-8c710228634e,0
70906d74-b052-4c0d-9443-acc968d3e36d,1
5c46f209-7016-4a74-a390-c1717cc66313,0
1a5a1f89-3193-4332-8cdb-44bf3b5f8089,1
6f4462ad-b9ab-4972-a2de-575498b33037,1
6dd3b9cf-6234-4fa6-b9f8-04f3818e0fc1,1
4c451a93-77fb-4867-9cdb-9ac8d1e09f96,0
28b19f48-7964-4bf3-8282-9af4eb4bc043,1
6c3dbc39-018d-4e36-b7ec-972e6720815d,1
ac133cfb-1edc-42db-ae28-b3f60b57e2b7,0
8199aabf-902a-4b83-ba51-78a8b496e427,1
6c18b890-d113-436a-afbf-2b3c097ebf5b,1
355295a2-17e9-41c3-bdc3-e25a256cc557,1
f005487e-24bf-4792-8ff5-58aa0e4f83d5,0
7ec84500-af66-45ac-9ede-27fcc4bb3764,1
10573ac4-1411-4610-98e9-ef7ecf8a4253,0
ac7aa143-5ad6-4999-995c-da715e79411d,0
2e1aa1bc-1315-4d11-850b-3cdefbc6e92f,1
2b857807-8f3b-4316-9ff9-203ccd5824bc,0
8bb881a0-0491-4b90-915e-e5a0b050bf70,1
d987bde9-0b6b-4ddc-9e2b-f302e08f5cef,0
7158912f-2fc0-4a72-b4f7-032dbf7f1a66,0
b685e486-cd35-4fdf-9965-2434ce6d1df7,0
cc30002a-f904-4f6c-bd57-a50d8608393a,1
3701208f-d70c-4be2-bcb5-40270f853ebf,0
d211ed08-3b64-4fc3-83cd-b39e8b558663,0
c32b8ef5-45df-44e9-b2d4-d94957f30681,1
7305a217-1b5f-41cb-98e1-4241d1d634a2,1
d8eeb92b-6ea8-4a83-b289-b8e5e85f39fb,0
2af2791d-2de8-4574-88fd-6b7e23ff7714,0
4e2954cb-1689-4b8b-a5b4-58b3683c553a,1
592888b0-a3e8-4feb-8825-3b3e747d3598,1
d7c85264-b179-412d-ac92-4bdf73a04f26,0
79263a12-d2af-45ec-b046-1b8a950e319e,1
35eae8ab-3583-4d22-bcbf-8129551c9842,0
b3fb039b-7146-4e7e-b79a-3a595851995d,1
13c10688-cef9-4433-851c-4f6fb2a60b50,1
f9965b0a-a883-471b-85f4-909836c7538f,0
03e3504a-c9c6-44e4-bf3e-50ea62199573,1
ea1d8edd-f3c0-4321-bb98-5c52198632e0,1
8042ea5b-4705-426e-89d9-86d5e511d57d,0
2457e2f3-3191-48d7-9f75-3a1c53f08877,1
6ca69682-85dc-4d03-a206-7812a00812ff,1
963970e8-c144-401c-b7b1-75dc0eb4c1c5,1
5ccd375b-ecf8-4037-a7dd-c720ef8b7eb7,0
f10758fa-b28f-4fc7-a203-e8ac64fecd4d,0
333713ba-7f3a-4940-a3ca-d68dea8b2903,0
a5ab25b7-2ff8-4ffa-be99-5ef4e60494da,0
f3474b4e-3145-423e-a33a-4ad6171aa0a0,0
4da660b3-ee75-49c7-ac91-af263a110002,0
2966f18c-58b9-420a-b3b4-0df55498ceb3,0
c6a37a85-2f36-40c5-ab3c-3cc92eb9de7f,0
cfe79d8e-8a86-4046-8951-7fe3a3cde78d,0
1e69d5b7-509a-4595-93b8-0c84ceffcb0f,0
6ef8fd5a-0793-4ca3-bbec-5ad70403e6c6,1
c25a4a7e-f240-491c-8ddc-c3a41278c2dd,0
b4b4a5a2-63e0-44f8-8190-ecd2e299d477,1
77590eb7-fa00-4865-aacc-57528ed19c50,1
385f135c-fbd2-48c3-aea8-160d08e247e8,1
7a7d3ae4-f3e3-4cac-a4d3-a45a9e924d4e,1
f2115cf0-7f10-4b40-96dc-b5440a511e5d,0
5eb2b4e4-5313-4758-9fd2-c3e63d5de3e4,1
777c38fe-81c3-476b-af64-a0604d63b5b5,1
11aee8ae-39ea-4b68-b07e-b36abdb347ea,0
36d6381e-b580-4c75-8875-968aec9eb821,0
e5c08e20-2592-40e9-b7c0-b03101b5775a,1
cab78723-263f-4061-967e-4a3c6699e299,1
217b74ad-5b02-469f-8820-2f9b62a62910,1
af20b089-54b4-4864-ba56-a3eaa88257a6,1
44837cf7-17c3-4dcb-bfd1-7cb669a48084,0
be87fe4c-bb7f-4a2a-819b-82c4ecd2fbdf,0
eb69f6ab-5555-4a84-af86-6c9d90de797e,0
554e3705-2134-4380-8fda-a59fa894fc84,0
d070047c-8799-4f76-b38c-2ebf446f86f4,1
abce1942-726d-41a6-9646-939243a20552,1
9fd9606c-b67f-48a4-8fed-52de9ce841ad,0
ea7eccdd-4942-41f8-ad29-0f34c709d267,0
841ee6b3-38e6-4ee8-b698-8ee0de103d7f,1
dc9930a8-0a47-40aa-8a66-15a6dffe7067,1
e3287cc7-c462-42fb-aa55-85ec58cfd022,1
75745d48-f260-487d-9818-c02c01005b0a,1
b0672542-442b-4c31-b5c0-9dc190125477,0
3a87b25b-3b91-4841-8a0f-481dfcb90331,1
7365338a-2d50-49c0-975d-74dc27d4371c,1
a882806e-1d32-4115-90f9-683c551a8d65,1
35224dbc-dfb1-4a65-9531-d0fb7e3842ae,0
231dcf00-d04e-460b-912c-00d84ac9d241,0
a37c46af-5d79-43a2-b8b0-392dc50e7f89,0
e115d976-a60a-4420-9eaa-40d45392d1a9,1
4437fa1f-8473-47d9-987b-3b38078c678c,1
3ac13b27-fbd3-4caa-90bb-cabac240bc27,0
cbc636aa-5163-4713-af45-e18956a664a6,0
860d9793-264f-47aa-933c-1e2be86895bc,0
e8764bad-7a98-4a75-9dfb-c34aec937877,0
a97d3b2d-9269-4e01-bc8b-e8444c980931,1
bc99eabd-c325-47b2-b333-0a392f096fd7,0
efb45ca4-cc9a-4394-9163-f84cdc31a5a8,0
5120595d-d762-41ea-bf4a-f8ec319abb42,1
76595956-50d0-4b42-ae22-078f6bcb7acc,1
77361a65-7e1e-4446-b1ee-bd8af096e6ed,1
0f019f22-eb01-48e3-940b-dea4006b8247,1
ac8eeef6-8939-433f-96a1-0bda47321fc9,1
4f7b74bc-8c50-4f96-947e-954efee0c754,1
1630a9b4-8277-4946-b26d-518b8757ae12,1
4d92e340-51f8-4664-aeee-29a54f8a15ab,0
e499da0f-83f3-4cc7-9941-ca1c96b05781,1
24044be8-8c09-4398-8077-2be240b91a29,1
7ccfc71b-a479-4ca9-9636-16e579a94df4,1
19c5a2ee-106c-4a27-81e7-ee34eef08137,0
125afb10-92f8-48ab-9506-1d5cb9806949,1
78ef7b97-101e-4e59-a22b-e29b42a2552b,1
0595d7ce-6e90-4c7f-9b79-115f20ba4e38,0
c8ef4e88-9e54-49df-acf5-0e8494f7a5cd,0
de6ff342-63a9-41c0-9583-d2c18aefc2ec,0
85b9a6b1-ef36-458e-97a7-b9b2fb0c4b09,1
4202aa29-4d38-4fd8-9518-17d18507613a,1
018bc9fd-1fe9-42fd-bfc8-839d2c3dd817,0
12105a26-470a-4440-8dbe-790f5836a0a9,1
b497211e-544a-4bcb-b1e5-744d697c8e79,0
73423a3f-3dee-42b0-b013-75bd9055470e,0
55e09a6c-1d18-44b3-868a-f54f7e23599c,1
d3e8dbc2-0757-4e8c-9081-dd632170e71f,0
48adf90c-4ded-4053-bc85-ad730af66406,0
1f6a0b7b-3347-437b-bbde-d75a2d519312,0
cb23accf-5814-420a-a81a-51f5506cb84f,0
05dd4ba7-33ba-41ca-b85d-0e65c0986611,0
4dd7d237-c978-49af-bcd9-0500d3f821d1,0
43ca74e3-2954-4a36-ab8b-84dfc2899db9,0
785f1577-d5f5-4793-8d00-b4e8c4ec5c71,1
3d4ffaec-d497-4bac-a40a-8935534f165c,0
124475c0-1df8-4a4d-b782-fb0031807ca5,0
ef688bcd-ff52-4df5-88d6-9b6b5bfd1823,1
0510d426-d6b2-46ac-a010-3f8b5aa187d0,0
0be0a76d-c297-43b8-89e8-522b2b49dd39,0
cf0343ac-93f9-410a-a26f-87f4083b6884,1
a3ee87b6-5a24-45ed-81ea-f3a64706e682,1
b6dfefc9-c5b4-4639-887a-515af7ba088e,1
cbfc2e43-91c1-4178-842e-7625d31c3897,1
e39a0176-570c-4c6e-aec1-675737c788fe,0
71476ac8-5f87-475e-914e-ae8ea839bcc4,0
62e5b455-5d3c-4fb5-ae63-5c05109a38b1,1
7c0932cc-df9a-4dd0-ab4d-c3db3ad4fb78,1
4cdc19ed-12bd-4e8a-b264-96c615ab9b92,0
e82ff015-fc8f-4ac9-9c3c-9950d0a24944,0
3a7f882c-baa7-4762-99b7-fa88f10f9e0e,0
0ea34082-29c9-41cd-929b-8834b0a8a035,1
51446f31-ed1e-4302-b427-f08fdd5bf423,1
5072ab56-b1c6-4d84-9a9f-4bed017275f8,0
4e5a8b87-cc1d-400a-b4cc-6965c6159eeb,1
8a9ca2e7-3f1f-4a07-9b7f-127e7fc8bf88,1
90462dc3-74e6-4e01-8bd8-a97e52565c51,1
a27dde12-b19d-4e21-a009-c4b071134635,1
51045ef6-e025-4185-8afb-b8235f54ac6d,1
9875b593-0c1f-4075-8af4-73bcc83eef8e,0
a7adfaaa-b58f-42f0-91f4-941ee6e1aafc,0
6a5376e2-fe41-4070-8da4-3a1f0a45584e,1
019885a0-4b5b-4d86-b635-587db097aa1d,1
ae6be067-85f6-4295-becc-2978281e184c,0
b589f441-3eae-47ec-9e02-55e7d3d5884f,1
48929cbf-d1e4-46e9-982b-750f34d58b3f,0
cbb3282f-c96f-478c-9678-e97eba9cc6ea,0
5a2a2820-9cca-4c87-82a1-6c21a5721390,1
a95397f1-2024-4e33-91c8-cf45f78dbc9d,1
a1a120c7-e7a8-4983-82b4-142edc9bc8d3,1
e7c22ecc-de80-4171-a191-569f7fbb4227,1
e74b5bd2-ef27-4913-90ee-de009b79d74f,0
bb061e1d-f559-425b-ae91-e578feb2c598,1
aa5068b8-28c2-413e-83e1-c65dcfa7a88c,1
69df56d2-4ea3-462e-9f41-8c05e2231ea6,0
14844286-085e-43d4-99f3-147f7bb5fb82,0
75c1874d-831f-4f74-8954-4b56b0020539,1
7deacc79-0318-47df-a483-e976dcc002ed,0
3dfd5fd3-1d0e-4561-96bf-ae148fa5b19f,1
0886d7ce-4e53-4adc-8141-9480bc60e424,1
a81e8d4d-21cf-4ae8-9e56-1c57c860e70c,1
022c7f3b-dadf-4728-820f-7ad35f3bcfd8,1
3a6fff14-7cbf-46fa-9c32-afeee18ea822,0
b90386da-ef90-42d0-a6ad-3fb3d502a10f,1
23163d3f-33fe-4546-8a45-aaf3ec359fb7,1
201bb500-467c-405b-812b-483109e0b82d,1
d1498928-4fc1-41fe-9c35-f45b3bb462f5,1
32f8b547-41db-473b-a47d-11c7f6d951d1,1
33d6fee2-364e-4496-9ef7-051f9ab32330,0
89e02984-a8df-4edd-ae69-9a1f0802aea8,0
1c2b0470-fb79-42aa-a9a7-179f0534f6ad,1
375a9859-087a-41af-bf3d-a03559a57d76,1
0dd0ac4d-7b7c-4c89-be48-e413806229ca,1
c1f49b8a-d717-4423-991a-7d768732d59f,1
4d91265e-aec9-4741-ab54-8af576747c32,0
1d4f4806-be12-4534-ae2e-8a46b1248172,1
8b5f4d78-dfb5-436a-b8ec-d4e27e5de995,1
8037174f-2bd5-45b8-a9f8-dbe75142aab2,1
ffdad218-3f6c-46f0-94bb-f9c8d2466b87,1
cbdaf156-a956-4a81-903b-95794efaf806,0
4aadf0e4-75ec-4243-aa17-0131dfefeacb,1
0fda223f-396b-4c63-8727-38ec3aca4b2b,1
87cbfc68-5008-417e-a9cc-13c488b603fc,0
05431b7a-a9bf-4b06-9fc5-ad01e83f632e,1
c19e8fa1-b532-46be-aeeb-4348e55110cf,0
ed06c8f4-8bed-4940-b66e-3d80a45ad1bf,1
1549b118-9321-4ab9-a1d4-d9a90d8604a2,0
c7d9d585-bfaa-4c18-9c3a-6ff0cb50cf30,0
7a4c97c2-67c3-48bf-a164-8c4917d8b3b3,0
285ae34b-bb30-46cc-9975-d272a00267b7,1
2f551c9b-b7ef-4697-a3e8-f8c7c6727bbd,0
f8804d4b-60d3-4de7-8368-f6925521558e,1
6c87b2d9-9c74-481b-a3f8-b57aee6050ac,0
f0f92232-da16-4901-85fc-0bb7757485b5,1
7193becf-e89d-49d0-b97f-44bbd5f7f9b6,1
c684aaf3-eeee-4fc1-9bca-3bdbf0d052eb,1
8def72b2-cd2c-48fc-873b-56f60f158145,1
a9894ebd-b59b-4064-887b-5d69080774bb,1
5b7edb1d-aae3-4e8c-b564-cf09d4d10064,1
4fcd92e7-b2f2-4908-97e1-53c79ea14745,0
35ede14a-268b-4b0b-9d1b-a41d2ca519b2,0
dc77fa45-fe3f-451b-9e72-7122bc16cc4e,1
c118af6f-34ab-4504-bc2d-2f8e57c6897a,1
71aff921-fd48-4db7-a5fd-716018253d0a,0
03ac3b37-8fbf-4319-9790-a5a89bab7125,1
6a382659-fbdf-4fd8-a2c5-759ded5f946b,1
08ef6991-cb83-4ca6-bfa0-d79c5043c16e,1
0615ff53-077f-4e6f-a26c-06def6970b86,1
acb96b53-9778-4f1b-9a72-0d3692a73693,1
8d05373a-40b1-40e7-a076-68d518cc3a46,0
7adba49b-1ead-4d66-bcd2-7a7b479d871c,0
f6e6a3f7-4f56-4d0a-8497-1bfa75ac1ac1,0
b37e4cdd-66be-4f85-9bc3-7786d9b9dc22,0
2cc8f702-d0a6-4faa-8e7c-c7504b4a7061,1
b2d4db7e-de67-47b0-b263-7f5011f77273,0
c26ed739-b0b1-4a49-a626-f78a7079efbc,0
cdd2d32d-f771-4842-8e7e-8b7c3ccab8e3,1
bffa4763-e065-479f-a318-453cc423240b,1
786181dd-5f7e-4beb-a1d6-b9828891353b,0
3e14fac9-d7da-47db-b383-139f0b5319ef,1
23483e3f-edaa-4295-9ad2-8addb6501c7f,1
321602a1-d603-4303-92db-b8f93108a17b,0
12497ab4-9641-454a-a17d-9233ac3bba2c,1
f637928d-77c6-4e44-95e2-288f88fd0ccf,1
b05736be-e305-4b23-8e35-198538282396,1
4310a6c5-766c-457a-a6a1-e86f3088e634,1
8013ebfb-172c-47b0-9449-cdf40c465c9a,0
386d01a4-ccc3-4d09-8b19-57df6d846264,1
b15aa6cf-8950-45d6-af06-a0634e1bbfe1,1
50bf05c1-d3ba-4300-98d4-a035df4a8ebd,0
9824a602-ff74-41de-8347-7b96a0e13082,0
39f2f717-a997-4d28-9e3f-df1194b826a5,1
ec752722-c35f-4e50-a011-8fae2f594f19,1
31ec1bab-47f1-41fb-9729-c6cfa7602d3d,1
3ff7063b-0089-42bb-ad20-40734e1ccc64,0
23f6af0a-2f42-49c9-98e4-47b4bcede513,0
16356834-a742-469a-9042-86a1af7bb881,0
2915e8bd-ed72-4ebb-8ed7-274245a3d2ae,1
841c8711-aa95-49ee-8e0a-c8044cb647e2,1
d11a54a5-0dcf-42e8-9910-8410c882926e,1
86658bdc-9b9f-4ab0-8efa-434ce95381fe,0
cac571f4-bfcf-402e-97d2-3dc857ee0f97,0
c15f488a-819e-4dd5-bcf9-dca8d14fd2b4,0
978e939e-172a-4e6e-a1d5-7857a356a607,1
9a0ff649-b2a8-4ec6-8d38-fa12e17d9608,0
7baca451-240c-49a8-a94c-f7b943b18943,1
a71714a4-cfc9-47fe-952c-35b60a382e33,1
adb4f7a6-17fe-44c5-9a8f-d9f402049e8b,0
43a68c27-1ab2-4b2b-a1a4-edeced81e6f1,0
db4b4626-c9d1-4399-aa42-82e6ac5a951a,0
b036d3ea-5927-4641-8626-892db6e1d1fd,1
a5ed1659-a5be-475f-9df2-3d97ce3c4056,0
d84c7cf3-6f5d-4c66-9f6f-bbd3c0d38a80,1
627b3dd6-2054-4879-a852-9d70c7392552,1
8cc817ef-6093-40ff-8f3c-b9241d23b062,1
3ffe07a0-0429-4c01-a5ba-209e841abe11,0
ae74ff8f-fa9c-4914-85cd-6361cad782b8,1
d496a235-6ea2-4b7e-9cd7-6d7a1abc143f,1
07d8706d-a4c5-479f-bcb2-e3fc1ae6fd81,1
1709bbf5-8073-49d9-8229-e26ab1031210,0
7fa69343-c6e4-47dd-b18e-fd4ec94f86a6,0
7abcc84d-ab81-4c70-b752-82ff9d47d6a0,1
3dc9180a-e340-4ead-aee9-f645d2a78173,1
e8b23967-127d-40d2-8e42-b07005380d17,1
3148751a-a24b-4562-9c7c-88c7c0d18f58,1
f9f12a96-a8e1-4beb-b797-0a3d61b1993c,0
defdb296-0df0-417c-8b57-4e28d3befff2,1
bc4e2a7d-7cfc-4aa4-ac65-5d99bd53315a,1
15e3f2e0-61a3-4dcc-b423-6dc44e4ad296,1
ad9043e3-5ebb-44f8-993c-1319d28ef23b,0
2f53415f-477f-408d-ac50-c501356b1548,1
eead0d5d-419a-45b3-9f09-1c06e55b3090,0
208f75bd-d727-49af-8e66-5df33110eeab,1
ae380a0b-0f9b-4085-8437-4f652b0638a5,1
0c7682ee-2290-4df4-a4cf-ccbb3834cc28,1
72b74f10-0f95-4e18-a534-bbef142d3f07,1
49983fbe-0600-4bc9-9ed6-14df87385e73,1
0219dd62-3d24-4a44-9e51-c6d460e93455,0
b00fc078-ab20-4fe5-88f4-ac6c21626ada,0
3b8e8a20-e520-420d-adea-0cee2bd2f013,0
12b4bc3e-24b9-4529-b5b3-b92b34de579f,0
bcdf8ab9-f22d-4234-9c77-802b1331bba1,0
dbd9eba9-b943-4fe5-a688-03a54f28a3ad,0
fcc0b7cf-3c45-4470-9fd3-d8da1d115628,1
27b729ed-8e29-42a0-ad7f-6fda8619c9cf,0
902429ae-0e2f-4556-96c7-b068c32cd49c,1
dd21f469-0c30-4c28-a384-f151ed18be1f,0
5273352c-4ab6-44a4-97bc-a6c77d722fd7,0
8603275d-d585-411e-9b6f-389f1994c88a,1
bcab1f73-7da6-42c1-871a-09341a4ea528,1
97669dfb-2bf8-4da3-b947-397f19cee92e,0
c3302131-677f-4c7e-becc-666769c8d5f6,0
03e35099-0dc0-4c23-8a56-4698d638f1ab,0
488e400b-6b9d-4b6a-a466-bb2613b4ac30,0
96dc6862-6d37-4349-81c4-f4e1c69f71e1,0
9107ce83-886d-4d1e-8406-2f42b5856032,1
9029848b-686f-4570-b197-653135cf4c5d,1
6db05944-40d2-4353-8ec0-08e5fea5716b,0
8b180019-7025-4118-acfe-00b6bb437618,1
96b67cc0-5c9d-44d2-97df-4ae1f5a00ebc,0
7939d16c-b533-4d3a-a8a0-f4091102bfd8,1
3922df33-2b50-4394-88b5-9b772b85a0bf,1
247b96cf-aa78-4b7a-b9de-edd16be2d8c5,0
2d795e38-eeba-4193-b385-73e64bc8e2de,1
466d4e71-14f7-4792-8e5d-c87260830390,1
2aa94cc5-e1e0-4551-9df6-8ca3b72e33f9,0
cca1b250-8af0-447c-b094-7897b312a32a,1
0e6fe540-9b37-41fa-9833-f549cf908afd,0
1832edad-7643-4ea9-87c1-faeef2ceb784,0
418effe3-6348-4fea-801b-c9c9183d443d,0
915d7fe7-744c-4dfc-b561-32ab21370d54,1
6f4788d2-a1d8-4287-864b-4feb69eff13a,0
8d191661-7cf1-4008-8be0-8b5cce039580,0
0fc76f87-e9ad-46c3-ad02-a881131f72c8,1
279097a3-445c-4705-83a1-47b00f2314fc,0
2a148236-35a5-4e29-a66f-96ff822b1cdf,0
f9e4c00e-2a37-4e8a-a15d-992ea5c58ca2,0
8e5289f7-c2fd-469b-b082-9442f70fc92f,0
7d64977a-e8d9-4440-a7ec-eb620d1f5301,0
7f365b03-e380-462d-909e-98682b12f0e6,1
222a5f5d-ea05-48fd-9056-6e7623315fd2,0
3aa8741f-3b96-490d-9df0-df5d753927ac,0
e4693639-6836-473a-aeec-a2491ba4d94c,0
7451f343-f43f-41d5-aad0-411ad6c0bf6d,1
0bb659dd-8286-4655-a445-7d51c7df25ba,0
036770c1-153f-441f-872c-a00cff595759,1
434bc8f6-8c15-40d1-b7c9-fb1d16363bf3,1
e988391d-c630-4452-8f8b-ed52cc85994e,1
10797e69-32c1-4201-a014-b8e118cd7f24,1
5d40aab8-eb80-41e0-a4e9-c938f28e3d4d,1
7d26117d-b420-4295-be10-69efa3007e0b,0
f03519f3-3ef8-40a4-a4c9-7dbea6a1e5f2,1
85001614-afc2-4c9e-ab95-69796431d135,1
9588ec80-ec35-4755-817a-79f1fc7ca485,1
aaf73646-628e-491c-9a02-fabb073a84bd,1
e01ad5a0-7492-477a-b00b-00d162c945c0,0
790f03db-e75f-437b-83d4-1608d3e3791d,1
d17583b7-e7be-4223-950d-2590d641a8e5,1
06d71f6e-5522-4b43-bfe2-28251f1d6f2c,1
8560972f-3255-44ae-ac5d-1eae6b045dd3,1
07ed4a3b-1a51-475e-9b2d-15b3a04394e0,0
72c5c215-3cf0-4cfe-85f2-96e583a41fff,0
607f8100-8fd6-4fd8-87a8-719c0d0fe65c,0
6cbab292-4b07-448b-960a-ebb7d036b2f1,1
65790e60-607d-45dc-8f82-99965f09e7de,1
db4ea563-2ef3-49a5-8b3f-90b205d1ba8d,0
075c763e-2017-4b93-b69f-d21abf0cf446,0
552567ff-e5b6-44cc-8b86-88d4e99791f9,0
fec97ed0-710f-4501-b02b-981222ebdcaf,1
98f21b1a-8a52-45b5-a41b-3b840d488131,0
5f4b3fa1-9d9d-473b-a235-2b172fc7c17f,1
dc69bcb1-ad57-4891-8788-fd0ede4584bd,0
c2a27676-e41d-4d09-b654-b7742ea74b1a,1
79ebfef4-2a81-4751-aa90-b7aeb923efe0,1
93b86409-4eb9-4dd2-8762-37cee17c3447,0
2901dffc-148c-4802-b523-4db640a26b61,1
c96ee688-4394-4c45-9d07-fe3477b2bc88,0
b67abe0e-91a6-438a-a69d-bc1f5c4f9e53,1
d857d375-34b0-4a22-b4bf-ff2e0397fb59,1
3b492ba4-6f95-4f51-8ddd-c889d6a70ab5,1
cdbad9c1-294b-46b2-9464-57db35d97241,0
64202b2d-f60c-4f33-a123-558de4e82371,1
8f9cddb6-0046-4178-968e-01dd7c8f406a,0
17f5f11f-bb4f-4b90-8893-f488a2d6d562,0
92356d0d-23e0-4d3b-92a0-d003491c11c3,1
1dacea49-48fe-4a17-a246-d430266873c5,1
d39b3b10-3c76-433b-9d1f-10201cc897fb,1
94341a72-c382-4915-bbf9-ba05ed2e2cd6,1
17163d64-3826-4c2e-8e18-c332d908c3f6,1
79c4d9ff-4a68-43af-a7ac-b228e9e03772,0
5fcf6950-ada5-49aa-a33a-b7e1c51e2cc3,0
00f59506-7733-42ad-8d04-e995b631b98b,1
d7f0c366-de6c-4045-92af-98dbc9fb7608,0
da89ea61-5a2b-4f0b-a4c2-d10651a73d74,0
529ce8b2-a630-45da-b7fc-7b5f68b07983,1
f60a8121-dca8-4e62-9d3a-ce494a840241,0
7c08c09d-9498-4af9-98f0-39fcd7d98006,0
d8571199-5330-4cf9-97f7-02ae0bf97c3c,1
51b7673c-632b-4e9d-b070-b78b07bf0911,0
b71b8ccf-3e87-46fc-b357-9ccd762d8e38,1
82ceb6ba-17df-4cba-933c-d394e5621c5b,0
1fac56f3-98d9-48ba-b352-e54e8d32ea9a,0
e97b7f71-3173-44b2-81d6-0baeb1e8b553,0
5fcbb208-a527-4cdd-aa96-7e25bb8ff07b,0
3116b481-8425-4d7c-b7f6-ff55cb24af2d,1
55bf6c3d-d071-4267-8184-abf6e22c4d18,1
8b49f96d-8c3d-45b6-88a7-0e2d0a3d6d13,0
8b0f86f5-1f25-4406-b103-cc59a31c9e83,0
c1dfa701-7f0d-4c3a-bde4-af650cadd41d,0
6dfb328c-437a-4429-b6cb-77401ac4c6ea,1
9dd72ca4-8582-452f-b024-ee7bfb1ea441,0
904ef7ff-6c16-45d3-afb0-191de2c4f7b9,1
a521c644-6da1-4f4b-865c-5b9473883574,0
ef000182-c448-4a14-bd77-2b570ed1976f,0
c4c331f6-7f97-4762-ab96-238af7d0605e,1
a25f8ce1-78a9-4e6a-9e35-d78d3f7036b8,1
bdb05cb6-7f62-4b90-9419-52eb7646aed8,1
f6b74021-fbb2-4f1a-b3a9-62d19d80bbe3,0
f19118f1-8361-4753-aeb9-f2cb1069f55a,1
51188e0c-d1fe-421d-9f88-8e906cdbc6b2,0
ee3978b9-dd8c-4ee4-b174-a7519108a5f3,1
4db24c5e-e750-4ad7-8fbe-141062872ea6,0
73bced43-10a7-4270-a82e-39afc5ef3ebd,1
e4ceca6b-d36e-423d-b148-ccb2c5952a75,1
9e4f5182-fd5d-4c88-b038-de5bd4c51eee,0
b5c3a6e4-5e89-4538-a4ad-0975a6f770ca,0
67417dd9-189f-4ffa-bb15-17da5277825f,1
4f52cf14-751d-4f1a-901e-e5cfe5db83f5,1
e60d564a-b463-4f3e-8c1c-d06f55f34ca7,0
93b90452-65be-4cd1-856d-51a32c9389b7,0
f4edb52a-1068-4de8-8db3-15310571452c,1
3a717be7-0c3f-4938-8a9f-edccab140700,1
bb8ac886-e0bb-4fa8-be22-47fdbea79e5f,1
edd49d13-c4df-4d5f-b9aa-971c9852c284,0
ec165fd9-781f-47db-9537-1148ec29c604,0
e58d715f-a780-4c9d-96bd-468e8ef7079e,1
d97d6b49-9712-4a06-8518-1196edca473f,1
56019f66-c2de-4449-89cb-8677aebbe0d6,1
3b8a6438-2bdf-415c-84e8-b90813d9e237,1
2a10ae63-b8e8-47d5-89bd-1272f03e2804,1
573b5e14-a745-4be5-8c60-e1babf998cbe,1
72015ede-95f8-44dc-9021-bd89cca39ea2,1
9ec8db91-1e8c-4091-9475-f98566059552,0
33d1eba9-9154-46cd-9bcd-0e6e58e7c059,0
2af162a2-326d-4418-a56a-dd4f45449f19,1
dbb0c11d-5446-4938-ba33-4163cf09e5bc,1
2cbde6b8-47e0-46fd-95c2-2620819d3121,0
d853377b-49ee-4964-9764-ef6ebeca9609,0
540a9bc6-eed0-472f-ab6e-0781388f4120,0
6cf28566-935f-4da6-8e64-8491f3812466,1